itemId,account,h,w,l,weightG,status,error
MLB3406048289,JOTABÊ AUTOPEÇAS,10,10,10,300,ok,
MLB3189216682,JOTABÊ AUTOPEÇAS,30,40,50,5000,ok,
MLB3402352063,JOTABÊ AUTOPEÇAS,30,50,80,12000,ok,
MLB3892852872,JOTABÊ AUTOPEÇAS,25,25,25,2000,ok,
MLB3887922818,JOTABÊ AUTOPEÇAS,15,15,15,600,ok,
MLB3883490174,JOTABÊ AUTOPEÇAS,15,15,15,600,ok,
MLB3860358280,JOTABÊ AUTOPEÇAS,30,50,80,12000,ok,
MLB3911487976,JOTABÊ AUTOPEÇAS,15,40,40,2000,ok,
MLB3409818863,JOTABÊ AUTOPEÇAS,15,15,15,600,ok,
MLB3907180650,JOTABÊ AUTOPEÇAS,30,50,80,12000,ok,
MLB3411098661,JOTABÊ AUTOPEÇAS,30,50,80,12000,ok,
MLB3902354872,JOTABÊ AUTOPEÇAS,15,15,15,600,ok,
MLB3925008474,JOTABÊ AUTOPEÇAS,15,15,15,600,ok,
MLB3417660849,JOTABÊ AUTOPEÇAS,15,15,15,600,ok,
MLB3415069629,JOTABÊ AUTOPEÇAS,15,15,15,600,ok,
MLB3925237090,JOTABÊ AUTOPEÇAS,15,15,15,600,ok,
MLB3417955155,JOTABÊ AUTOPEÇAS,15,15,15,600,ok,
MLB3424435549,JOTABÊ AUTOPEÇAS,30,50,80,12000,ok,
MLB3928280616,JOTABÊ AUTOPEÇAS,15,15,15,600,ok,
MLB3419454683,JOTABÊ AUTOPEÇAS,30,70,100,18000,ok,
MLB3419024615,JOTABÊ AUTOPEÇAS,10,10,10,300,ok,
MLB3924654314,JOTABÊ AUTOPEÇAS,15,15,15,600,ok,
MLB3419429659,JOTABÊ AUTOPEÇAS,15,15,15,600,ok,
MLB3419007679,JOTABÊ AUTOPEÇAS,10,10,50,800,ok,
MLB3951644780,JOTABÊ AUTOPEÇAS,30,50,80,12000,ok,
MLB3421844659,JOTABÊ AUTOPEÇAS,10,10,10,300,ok,
MLB3419368303,JOTABÊ AUTOPEÇAS,15,15,15,600,ok,
MLB3419304551,JOTABÊ AUTOPEÇAS,15,15,15,600,ok,
MLB3433919919,JOTABÊ AUTOPEÇAS,30,70,100,18000,ok,
MLB3969969470,JOTABÊ AUTOPEÇAS,15,15,15,600,ok,
MLB3968930586,JOTABÊ AUTOPEÇAS,30,70,100,18000,ok,
MLB3994054962,JOTABÊ AUTOPEÇAS,15,40,40,2000,ok,
MLB3436727745,JOTABÊ AUTOPEÇAS,30,50,80,12000,ok,
MLB3994748752,JOTABÊ AUTOPEÇAS,30,40,50,5000,ok,
MLB3434247117,JOTABÊ AUTOPEÇAS,30,40,50,5000,ok,
MLB3976786646,JOTABÊ AUTOPEÇAS,30,70,100,18000,ok,
MLB3976837548,JOTABÊ AUTOPEÇAS,15,40,40,2000,ok,
MLB3436557739,JOTABÊ AUTOPEÇAS,30,40,50,5000,ok,
MLB3435263065,JOTABÊ AUTOPEÇAS,15,15,15,600,ok,
MLB4035264532,JOTABÊ AUTOPEÇAS,30,50,80,12000,ok,
MLB4034973216,JOTABÊ AUTOPEÇAS,30,50,80,12000,ok,
MLB4031298752,JOTABÊ AUTOPEÇAS,15,15,15,600,ok,
MLB3440400559,JOTABÊ AUTOPEÇAS,15,40,40,2000,ok,
MLB3438427579,JOTABÊ AUTOPEÇAS,15,15,15,600,ok,
MLB4031294378,JOTABÊ AUTOPEÇAS,10,10,10,300,ok,
MLB3438509733,JOTABÊ AUTOPEÇAS,15,15,15,600,ok,
MLB3438594073,JOTABÊ AUTOPEÇAS,15,15,15,600,ok,
MLB3438447041,JOTABÊ AUTOPEÇAS,15,15,15,600,ok,
MLB3440486701,JOTABÊ AUTOPEÇAS,15,15,15,600,ok,
MLB4023570916,JOTABÊ AUTOPEÇAS,15,15,15,600,ok,
MLB4023518788,JOTABÊ AUTOPEÇAS,15,15,15,600,ok,
MLB3440418459,JOTABÊ AUTOPEÇAS,25,25,25,2000,ok,
MLB4034742486,JOTABÊ AUTOPEÇAS,30,40,50,5000,ok,
MLB4040752582,JOTABÊ AUTOPEÇAS,15,15,15,600,ok,
MLB3445666123,JOTABÊ AUTOPEÇAS,15,15,15,600,ok,
MLB3444394033,JOTABÊ AUTOPEÇAS,15,15,15,600,ok,
MLB4049830732,JOTABÊ AUTOPEÇAS,15,15,15,600,error,Erro ao atualizar item: Validation error (item.attribute.invalid.seller.package.dimensions: The packaging attributes [seller_package_weight] are too small for the product dimensions)
MLB4038148142,JOTABÊ AUTOPEÇAS,30,50,80,12000,ok,
MLB4034788474,JOTABÊ AUTOPEÇAS,30,40,50,5000,ok,
MLB4040286172,JOTABÊ AUTOPEÇAS,15,15,15,600,ok,
MLB4049751736,JOTABÊ AUTOPEÇAS,30,50,80,12000,ok,
MLB4040873302,JOTABÊ AUTOPEÇAS,15,15,15,600,ok,
MLB4040538332,JOTABÊ AUTOPEÇAS,15,15,15,600,error,Erro ao atualizar item: Validation error (item.attribute.invalid.seller.package.dimensions: The packaging attributes [seller_package_length; seller_package_width; seller_package_height; seller_package_weight] are too small for the product dimensions)
MLB3445987729,JOTABÊ AUTOPEÇAS,30,50,80,12000,ok,
MLB4038080592,JOTABÊ AUTOPEÇAS,30,50,80,12000,ok,
MLB4040695276,JOTABÊ AUTOPEÇAS,15,15,15,600,ok,
MLB3452404343,JOTABÊ AUTOPEÇAS,15,15,15,600,ok,
MLB4066025330,JOTABÊ AUTOPEÇAS,30,50,80,12000,ok,
MLB3452465267,JOTABÊ AUTOPEÇAS,50,15,66,600,ok,
MLB4057113882,JOTABÊ AUTOPEÇAS,15,15,15,600,error,Erro ao atualizar item: Validation error (item.attribute.invalid.seller.package.dimensions: The packaging attributes [seller_package_weight] are too small for the product dimensions)
MLB3452268465,JOTABÊ AUTOPEÇAS,15,17,52,600,error,Erro ao atualizar item: Validation error (item.attribute.invalid.seller.package.dimensions: The packaging attributes [seller_package_height; seller_package_width; seller_package_weight] are too small for the product dimensions)
MLB4057124906,JOTABÊ AUTOPEÇAS,15,15,15,600,error,Erro ao atualizar item: Validation error (item.attribute.invalid.seller.package.dimensions: The packaging attributes [seller_package_weight] are too small for the product dimensions)
MLB4049275038,JOTABÊ AUTOPEÇAS,15,15,15,600,ok,
MLB3452337173,JOTABÊ AUTOPEÇAS,15,15,15,600,ok,
MLB3449170167,JOTABÊ AUTOPEÇAS,15,15,15,600,ok,
MLB3452471733,JOTABÊ AUTOPEÇAS,15,15,15,600,ok,
MLB4063852150,JOTABÊ AUTOPEÇAS,30,50,80,12000,ok,
MLB3452299579,JOTABÊ AUTOPEÇAS,15,15,15,600,ok,
MLB3452363469,JOTABÊ AUTOPEÇAS,15,15,15,600,ok,
MLB3449779761,JOTABÊ AUTOPEÇAS,30,50,80,12000,ok,
MLB4049570472,JOTABÊ AUTOPEÇAS,30,50,80,12000,error,Erro ao atualizar item: Validation error (item.attribute.invalid.seller.package.dimensions: The packaging attributes [seller_package_width; seller_package_length; seller_package_weight] are too small for the product dimensions)
MLB3955208968,JOTABÊ AUTOPEÇAS,30,70,100,18000,ok,
MLB3430451495,JOTABÊ AUTOPEÇAS,15,15,15,600,ok,
MLB3430266087,JOTABÊ AUTOPEÇAS,30,40,50,5000,ok,
MLB3964051202,JOTABÊ AUTOPEÇAS,15,15,15,600,ok,
MLB3963911256,JOTABÊ AUTOPEÇAS,30,40,50,5000,ok,
MLB3426480373,JOTABÊ AUTOPEÇAS,30,50,80,12000,ok,
MLB3430361521,JOTABÊ AUTOPEÇAS,30,50,80,12000,error,Erro ao atualizar item: Validation error (item.attribute.invalid.seller.package.dimensions: The packaging attributes [seller_package_width; seller_package_length; seller_package_weight] are too small for the product dimensions)
MLB3960987382,JOTABÊ AUTOPEÇAS,30,70,100,18000,ok,
MLB3427702673,JOTABÊ AUTOPEÇAS,15,15,15,600,ok,
MLB3964479656,JOTABÊ AUTOPEÇAS,30,50,80,12000,ok,
MLB3963918690,JOTABÊ AUTOPEÇAS,30,40,50,5000,ok,
MLB3429130955,JOTABÊ AUTOPEÇAS,30,70,100,18000,ok,
MLB3428010255,JOTABÊ AUTOPEÇAS,30,70,100,18000,ok,
MLB3963971184,JOTABÊ AUTOPEÇAS,30,50,80,12000,ok,
MLB3456668455,JOTABÊ AUTOPEÇAS,30,50,80,12000,ok,
MLB3459002459,JOTABÊ AUTOPEÇAS,30,50,80,12000,ok,
MLB4085082152,JOTABÊ AUTOPEÇAS,30,40,50,5000,ok,
MLB4081821674,JOTABÊ AUTOPEÇAS,30,50,80,12000,error,Erro ao atualizar item: Validation error (item.attribute.invalid.seller.package.dimensions: The packaging attributes [seller_package_width; seller_package_length; seller_package_weight] are too small for the product dimensions)
MLB3461636805,JOTABÊ AUTOPEÇAS,30,50,80,12000,ok,
MLB3459122189,JOTABÊ AUTOPEÇAS,30,50,80,12000,ok,
MLB4081998760,JOTABÊ AUTOPEÇAS,30,50,80,12000,ok,
MLB4081608588,JOTABÊ AUTOPEÇAS,30,50,80,12000,error,Erro ao atualizar item: Validation error (item.attribute.invalid.seller.package.dimensions: The packaging attributes [seller_package_width; seller_package_length; seller_package_weight] are too small for the product dimensions)
MLB4081756406,JOTABÊ AUTOPEÇAS,30,40,50,5000,ok,
MLB4085322198,JOTABÊ AUTOPEÇAS,15,15,15,600,ok,
MLB3462253937,JOTABÊ AUTOPEÇAS,15,15,15,600,ok,
MLB3457961961,JOTABÊ AUTOPEÇAS,30,40,50,5000,ok,
MLB3462160557,JOTABÊ AUTOPEÇAS,30,40,50,5000,ok,
MLB4070739592,JOTABÊ AUTOPEÇAS,30,50,80,12000,ok,
MLB3456792097,JOTABÊ AUTOPEÇAS,15,15,15,600,ok,
MLB4078794136,JOTABÊ AUTOPEÇAS,30,40,50,5000,ok,
MLB4103619554,JOTABÊ AUTOPEÇAS,30,50,80,12000,error,Erro ao atualizar item: Validation error (item.attribute.invalid.seller.package.dimensions: The packaging attributes [seller_package_width; seller_package_length; seller_package_weight] are too small for the product dimensions)
MLB4091248438,JOTABÊ AUTOPEÇAS,30,50,80,12000,ok,
MLB4107401014,JOTABÊ AUTOPEÇAS,30,50,80,12000,error,Erro ao atualizar item: Validation error (item.attribute.invalid.seller.package.dimensions: The packaging attributes [seller_package_width; seller_package_length; seller_package_weight] are too small for the product dimensions)
MLB4096407354,JOTABÊ AUTOPEÇAS,30,50,80,12000,ok,
MLB3470451607,JOTABÊ AUTOPEÇAS,30,50,80,12000,ok,
MLB3469716119,JOTABÊ AUTOPEÇAS,15,15,15,600,ok,
MLB4103718402,JOTABÊ AUTOPEÇAS,30,50,80,12000,ok,
MLB3466469907,JOTABÊ AUTOPEÇAS,30,40,50,5000,ok,
MLB4099330014,JOTABÊ AUTOPEÇAS,15,15,15,600,ok,
MLB4102233312,JOTABÊ AUTOPEÇAS,30,50,80,12000,ok,
MLB4102627714,JOTABÊ AUTOPEÇAS,30,50,80,12000,ok,
MLB3464943447,JOTABÊ AUTOPEÇAS,15,40,40,2000,ok,
MLB4106674430,JOTABÊ AUTOPEÇAS,30,50,80,12000,ok,
MLB3464888539,JOTABÊ AUTOPEÇAS,30,70,100,18000,ok,
MLB4102416030,JOTABÊ AUTOPEÇAS,30,50,80,12000,error,Erro ao atualizar item: Validation error (item.attribute.invalid.seller.package.dimensions: The packaging attributes [seller_package_width; seller_package_length; seller_package_weight] are too small for the product dimensions)
MLB3467094519,JOTABÊ AUTOPEÇAS,30,50,80,12000,ok,
MLB4126170840,JOTABÊ AUTOPEÇAS,30,50,80,12000,ok,
MLB4126275404,JOTABÊ AUTOPEÇAS,15,15,15,600,ok,
MLB3472384589,JOTABÊ AUTOPEÇAS,30,50,80,12000,ok,
MLB4126280678,JOTABÊ AUTOPEÇAS,15,15,15,600,ok,
MLB3472182161,JOTABÊ AUTOPEÇAS,30,50,80,12000,ok,
MLB3473135339,JOTABÊ AUTOPEÇAS,30,50,80,12000,ok,
MLB4109549550,JOTABÊ AUTOPEÇAS,30,50,80,12000,ok,
MLB4120082530,JOTABÊ AUTOPEÇAS,30,50,80,12000,ok,
MLB4110102446,JOTABÊ AUTOPEÇAS,30,50,80,12000,ok,
MLB4126307046,JOTABÊ AUTOPEÇAS,15,15,15,600,ok,
MLB4120037638,JOTABÊ AUTOPEÇAS,30,50,80,12000,error,Erro ao atualizar item: Validation error (item.attribute.invalid.seller.package.dimensions: The packaging attributes [seller_package_width; seller_package_length; seller_package_weight] are too small for the product dimensions)
MLB3479490457,JOTABÊ AUTOPEÇAS,30,50,80,12000,ok,
MLB4128828942,JOTABÊ AUTOPEÇAS,15,15,15,600,ok,
MLB3482744649,JOTABÊ AUTOPEÇAS,10,10,10,300,ok,
MLB4131558068,JOTABÊ AUTOPEÇAS,10,10,10,300,ok,
MLB3482454679,JOTABÊ AUTOPEÇAS,10,10,10,300,ok,
MLB3482493981,JOTABÊ AUTOPEÇAS,10,10,10,300,ok,
MLB3480955729,JOTABÊ AUTOPEÇAS,25,25,25,2000,ok,
MLB4130562850,JOTABÊ AUTOPEÇAS,15,15,15,600,ok,
MLB4131281896,JOTABÊ AUTOPEÇAS,15,15,15,600,ok,
MLB4140810694,JOTABÊ AUTOPEÇAS,30,50,80,12000,ok,
MLB3480937911,JOTABÊ AUTOPEÇAS,30,50,80,12000,ok,
MLB3482426741,JOTABÊ AUTOPEÇAS,10,10,10,300,ok,
MLB4156715804,JOTABÊ AUTOPEÇAS,15,15,15,600,ok,
MLB4169106470,JOTABÊ AUTOPEÇAS,15,15,15,600,ok,
MLB4148979226,JOTABÊ AUTOPEÇAS,15,15,15,600,ok,
MLB4161049808,JOTABÊ AUTOPEÇAS,30,50,80,12000,ok,
MLB4166832316,JOTABÊ AUTOPEÇAS,30,70,100,18000,ok,
MLB3487813495,JOTABÊ AUTOPEÇAS,10,10,10,300,ok,
MLB3496121571,JOTABÊ AUTOPEÇAS,10,10,50,800,ok,
MLB3495861929,JOTABÊ AUTOPEÇAS,30,50,80,12000,ok,
MLB4184595476,JOTABÊ AUTOPEÇAS,25,25,25,2000,ok,
MLB4184066740,JOTABÊ AUTOPEÇAS,25,25,25,2000,ok,
MLB4184358558,JOTABÊ AUTOPEÇAS,15,15,15,600,ok,
MLB3503055125,JOTABÊ AUTOPEÇAS,10,10,10,300,ok,
MLB3559629677,JOTABÊ AUTOPEÇAS,25,25,25,2000,error,Erro ao atualizar item: Validation error (item.attribute.invalid.seller.package.dimensions: The packaging attributes [seller_package_length; seller_package_width; seller_package_height; seller_package_weight] are too small for the product dimensions)
MLB4350870024,JOTABÊ AUTOPEÇAS,25,25,25,2000,ok,
MLB4349866912,JOTABÊ AUTOPEÇAS,15,15,15,600,ok,
MLB3561607031,JOTABÊ AUTOPEÇAS,25,25,25,2000,ok,
MLB4354242500,JOTABÊ AUTOPEÇAS,25,25,25,2000,ok,
MLB3561684607,JOTABÊ AUTOPEÇAS,25,25,25,2000,ok,
MLB3561597623,JOTABÊ AUTOPEÇAS,25,25,25,2000,ok,
MLB3563623119,JOTABÊ AUTOPEÇAS,30,40,50,5000,ok,
MLB3563250369,JOTABÊ AUTOPEÇAS,25,25,25,2000,ok,
MLB3563182163,JOTABÊ AUTOPEÇAS,25,25,25,2000,ok,
MLB4353260780,JOTABÊ AUTOPEÇAS,25,25,25,2000,ok,
MLB4352440110,JOTABÊ AUTOPEÇAS,25,25,25,2000,ok,
MLB4353267836,JOTABÊ AUTOPEÇAS,25,25,25,2000,ok,
MLB4353378012,JOTABÊ AUTOPEÇAS,25,25,25,2000,ok,
MLB3562570467,JOTABÊ AUTOPEÇAS,25,25,25,2000,ok,
MLB4353116124,JOTABÊ AUTOPEÇAS,25,25,25,2000,ok,
MLB4355389252,JOTABÊ AUTOPEÇAS,15,15,15,600,ok,
MLB3563252105,JOTABÊ AUTOPEÇAS,25,25,25,2000,ok,
MLB3565176755,JOTABÊ AUTOPEÇAS,15,15,15,600,ok,
MLB3565160807,JOTABÊ AUTOPEÇAS,10,10,50,800,ok,
MLB4370028824,JOTABÊ AUTOPEÇAS,25,25,25,2000,ok,
MLB4370478016,JOTABÊ AUTOPEÇAS,15,15,15,600,ok,
MLB4369723394,JOTABÊ AUTOPEÇAS,15,40,40,2000,ok,
MLB4374209504,JOTABÊ AUTOPEÇAS,25,25,25,2000,ok,
MLB4370617462,JOTABÊ AUTOPEÇAS,10,10,10,300,ok,
MLB3566105847,JOTABÊ AUTOPEÇAS,25,25,25,2000,ok,
MLB4362919788,JOTABÊ AUTOPEÇAS,15,15,15,600,ok,
MLB4398644846,JOTABÊ AUTOPEÇAS,15,15,15,600,ok,
MLB3577739601,JOTABÊ AUTOPEÇAS,15,15,15,600,ok,
MLB4377962276,JOTABÊ AUTOPEÇAS,15,15,15,600,ok,
MLB3572863551,JOTABÊ AUTOPEÇAS,15,15,15,600,ok,
MLB3569844255,JOTABÊ AUTOPEÇAS,15,15,15,600,ok,
MLB3571514115,JOTABÊ AUTOPEÇAS,15,15,15,600,ok,
MLB4392475174,JOTABÊ AUTOPEÇAS,15,15,15,600,ok,
MLB3578937077,JOTABÊ AUTOPEÇAS,15,15,15,600,ok,
MLB3580354211,JOTABÊ AUTOPEÇAS,15,15,15,600,ok,
MLB3578750939,JOTABÊ AUTOPEÇAS,15,15,15,600,ok,
MLB4407869368,JOTABÊ AUTOPEÇAS,15,15,15,600,ok,
MLB3579872951,JOTABÊ AUTOPEÇAS,15,15,15,600,ok,
MLB4408412048,JOTABÊ AUTOPEÇAS,15,15,15,600,ok,
MLB3578918749,JOTABÊ AUTOPEÇAS,10,10,10,300,ok,
MLB4397836646,JOTABÊ AUTOPEÇAS,25,25,25,2000,ok,
MLB4397817544,JOTABÊ AUTOPEÇAS,30,40,50,5000,ok,
MLB3580268785,JOTABÊ AUTOPEÇAS,15,15,15,600,ok,
MLB3582814127,JOTABÊ AUTOPEÇAS,25,25,25,2000,ok,
MLB3579023061,JOTABÊ AUTOPEÇAS,15,15,15,600,ok,
MLB3582749171,JOTABÊ AUTOPEÇAS,15,15,15,600,ok,
MLB3584467477,JOTABÊ AUTOPEÇAS,15,15,15,600,ok,
MLB3583704317,JOTABÊ AUTOPEÇAS,30,50,80,12000,ok,
MLB3583637535,JOTABÊ AUTOPEÇAS,30,50,80,12000,ok,
MLB3583882427,JOTABÊ AUTOPEÇAS,15,15,15,600,ok,
MLB3583331337,JOTABÊ AUTOPEÇAS,15,15,15,600,ok,
MLB4414433772,JOTABÊ AUTOPEÇAS,15,15,15,600,ok,
MLB3584697821,JOTABÊ AUTOPEÇAS,15,15,15,600,ok,
MLB3584749961,JOTABÊ AUTOPEÇAS,15,15,15,600,ok,
MLB4414702062,JOTABÊ AUTOPEÇAS,15,15,15,600,error,Erro ao atualizar item: Validation error (item.attribute.invalid.seller.package.dimensions: The packaging attributes [seller_package_length; seller_package_width; seller_package_height; seller_package_weight] are too small for the product dimensions)
MLB3584953553,JOTABÊ AUTOPEÇAS,15,15,15,600,ok,
MLB4414189790,JOTABÊ AUTOPEÇAS,15,15,15,600,ok,
MLB3584841955,JOTABÊ AUTOPEÇAS,15,15,15,600,ok,
MLB3584920039,JOTABÊ AUTOPEÇAS,15,15,15,600,ok,
MLB3585804195,JOTABÊ AUTOPEÇAS,30,50,80,12000,ok,
MLB3584622199,JOTABÊ AUTOPEÇAS,15,15,15,600,ok,
MLB3586128019,JOTABÊ AUTOPEÇAS,15,15,15,600,ok,
MLB4418468898,JOTABÊ AUTOPEÇAS,15,15,15,600,ok,
MLB4422822858,JOTABÊ AUTOPEÇAS,15,15,15,600,ok,
MLB4422846682,JOTABÊ AUTOPEÇAS,15,15,15,600,ok,
MLB3586237955,JOTABÊ AUTOPEÇAS,30,50,80,12000,ok,
MLB3585991401,JOTABÊ AUTOPEÇAS,10,10,50,800,ok,
MLB4418928438,JOTABÊ AUTOPEÇAS,15,15,15,600,ok,
MLB4418504672,JOTABÊ AUTOPEÇAS,15,15,15,600,ok,
MLB3586270321,JOTABÊ AUTOPEÇAS,15,40,40,2000,ok,
MLB3585847305,JOTABÊ AUTOPEÇAS,20,15,15,600,ok,
MLB3585880997,JOTABÊ AUTOPEÇAS,15,15,15,600,ok,
MLB3584351435,JOTABÊ AUTOPEÇAS,15,15,15,600,ok,
MLB4423760560,JOTABÊ AUTOPEÇAS,15,15,15,600,ok,
MLB4422792876,JOTABÊ AUTOPEÇAS,15,15,15,600,ok,
MLB3585810297,JOTABÊ AUTOPEÇAS,15,15,15,600,ok,
MLB4422736614,JOTABÊ AUTOPEÇAS,15,15,15,600,ok,
MLB3586933067,JOTABÊ AUTOPEÇAS,15,15,15,600,ok,
MLB3587622351,JOTABÊ AUTOPEÇAS,25,25,25,2000,ok,
MLB3587678593,JOTABÊ AUTOPEÇAS,15,15,15,600,ok,
MLB3587636127,JOTABÊ AUTOPEÇAS,25,25,25,2000,error,Erro ao atualizar item: Validation error (item.attribute.invalid.seller.package.dimensions: The packaging attributes [seller_package_height; seller_package_weight] are too small for the product dimensions)
MLB3587677095,JOTABÊ AUTOPEÇAS,25,25,25,2000,ok,
MLB4422736014,JOTABÊ AUTOPEÇAS,15,15,15,600,ok,
MLB3587092399,JOTABÊ AUTOPEÇAS,10,10,50,800,ok,
MLB4430468024,JOTABÊ AUTOPEÇAS,25,25,25,2000,ok,
MLB4430219804,JOTABÊ AUTOPEÇAS,25,25,25,2000,ok,
MLB3586754577,JOTABÊ AUTOPEÇAS,15,15,15,600,ok,
MLB3586754455,JOTABÊ AUTOPEÇAS,15,15,15,600,ok,
MLB3586901943,JOTABÊ AUTOPEÇAS,15,15,15,600,ok,
MLB3587718421,JOTABÊ AUTOPEÇAS,25,25,25,2000,ok,
MLB3586943485,JOTABÊ AUTOPEÇAS,15,15,15,600,ok,
MLB4431183858,JOTABÊ AUTOPEÇAS,15,15,15,600,ok,
MLB3590136305,JOTABÊ AUTOPEÇAS,15,15,15,600,ok,
MLB3590166987,JOTABÊ AUTOPEÇAS,15,15,15,600,ok,
MLB3589077827,JOTABÊ AUTOPEÇAS,25,25,25,2000,ok,
MLB4431346714,JOTABÊ AUTOPEÇAS,15,15,15,600,ok,
MLB3588896295,JOTABÊ AUTOPEÇAS,30,40,50,5000,ok,
MLB4431213466,JOTABÊ AUTOPEÇAS,30,70,100,18000,ok,
MLB4431305834,JOTABÊ AUTOPEÇAS,10,10,10,300,ok,
MLB3590228685,JOTABÊ AUTOPEÇAS,15,15,15,600,error,Erro ao atualizar item: Validation error (item.attribute.invalid.seller.package.dimensions: The packaging attributes [seller_package_weight] are too small for the product dimensions)
MLB4431137432,JOTABÊ AUTOPEÇAS,25,25,25,2000,ok,
MLB4427458890,JOTABÊ AUTOPEÇAS,15,15,15,600,ok,
MLB4431255780,JOTABÊ AUTOPEÇAS,25,25,25,2000,ok,
MLB4430105766,JOTABÊ AUTOPEÇAS,10,10,50,800,ok,
MLB3591058917,JOTABÊ AUTOPEÇAS,10,10,10,300,ok,
MLB3590980065,JOTABÊ AUTOPEÇAS,15,15,15,600,ok,
MLB3593634493,JOTABÊ AUTOPEÇAS,10,10,10,300,ok,
MLB3593846243,JOTABÊ AUTOPEÇAS,25,25,25,2000,ok,
MLB4436532036,JOTABÊ AUTOPEÇAS,10,10,10,300,ok,
MLB3590086263,JOTABÊ AUTOPEÇAS,30,70,100,18000,ok,
MLB4437914618,JOTABÊ AUTOPEÇAS,15,15,15,600,ok,
MLB3593727551,JOTABÊ AUTOPEÇAS,10,10,10,300,ok,
MLB3590012647,JOTABÊ AUTOPEÇAS,15,15,15,600,ok,
MLB3589968451,JOTABÊ AUTOPEÇAS,15,15,15,600,ok,
MLB3590104023,JOTABÊ AUTOPEÇAS,15,15,15,600,ok,
MLB3593814515,JOTABÊ AUTOPEÇAS,15,15,15,600,ok,
MLB4436499294,JOTABÊ AUTOPEÇAS,10,10,10,300,ok,
MLB3590955301,JOTABÊ AUTOPEÇAS,10,10,10,300,ok,
MLB4444474464,JOTABÊ AUTOPEÇAS,15,15,15,600,ok,
MLB4445581070,JOTABÊ AUTOPEÇAS,15,15,15,600,ok,
MLB4445775134,JOTABÊ AUTOPEÇAS,15,15,15,600,ok,
MLB4445982786,JOTABÊ AUTOPEÇAS,15,15,15,600,ok,
MLB4445743446,JOTABÊ AUTOPEÇAS,15,15,15,600,ok,
MLB3597389875,JOTABÊ AUTOPEÇAS,25,25,25,2000,ok,
MLB4445791450,JOTABÊ AUTOPEÇAS,15,15,15,600,ok,
MLB4445903846,JOTABÊ AUTOPEÇAS,25,25,25,2000,ok,
MLB4444455542,JOTABÊ AUTOPEÇAS,15,15,15,600,error,Erro ao atualizar item: Validation error (item.attribute.invalid.seller.package.dimensions: The packaging attributes [seller_package_weight] are too small for the product dimensions)
MLB3596852321,JOTABÊ AUTOPEÇAS,25,25,25,2000,ok,
MLB4444428200,JOTABÊ AUTOPEÇAS,15,15,15,600,ok,
MLB4443902384,JOTABÊ AUTOPEÇAS,25,25,25,2000,ok,
MLB4444390332,JOTABÊ AUTOPEÇAS,25,25,25,2000,ok,
MLB4440148530,JOTABÊ AUTOPEÇAS,25,25,25,2000,ok,
MLB3597429367,JOTABÊ AUTOPEÇAS,15,15,15,600,error,Erro ao atualizar item: Validation error (item.attribute.invalid.seller.package.dimensions: The packaging attributes [seller_package_weight] are too small for the product dimensions)
MLB3597773589,JOTABÊ AUTOPEÇAS,15,15,15,600,ok,
MLB4445632798,JOTABÊ AUTOPEÇAS,25,25,25,2000,ok,
MLB3599247687,JOTABÊ AUTOPEÇAS,15,15,15,600,ok,
MLB3598257543,JOTABÊ AUTOPEÇAS,15,15,15,600,ok,
MLB4449644574,JOTABÊ AUTOPEÇAS,15,15,15,600,ok,
MLB4450909690,JOTABÊ AUTOPEÇAS,10,10,10,300,ok,
MLB3599234961,JOTABÊ AUTOPEÇAS,25,25,25,2000,ok,
MLB4449639102,JOTABÊ AUTOPEÇAS,15,15,15,600,ok,
MLB4450923166,JOTABÊ AUTOPEÇAS,25,25,25,2000,ok,
MLB4450941522,JOTABÊ AUTOPEÇAS,15,15,15,600,ok,
MLB4449532020,JOTABÊ AUTOPEÇAS,15,15,15,600,ok,
MLB3598265373,JOTABÊ AUTOPEÇAS,15,15,15,600,ok,
MLB4450890536,JOTABÊ AUTOPEÇAS,25,25,25,2000,ok,
MLB4450898172,JOTABÊ AUTOPEÇAS,30,50,80,12000,ok,
MLB4450903932,JOTABÊ AUTOPEÇAS,10,10,10,300,ok,
MLB4455002568,JOTABÊ AUTOPEÇAS,15,15,15,600,ok,
MLB3598487219,JOTABÊ AUTOPEÇAS,15,15,15,600,ok,
MLB3598368547,JOTABÊ AUTOPEÇAS,15,15,15,600,ok,
MLB3598721603,JOTABÊ AUTOPEÇAS,15,15,15,600,ok,
MLB3600470645,JOTABÊ AUTOPEÇAS,15,15,15,600,ok,
MLB4457406282,JOTABÊ AUTOPEÇAS,15,15,15,600,ok,
MLB4457633632,JOTABÊ AUTOPEÇAS,30,50,80,12000,ok,
MLB3603324163,JOTABÊ AUTOPEÇAS,30,40,50,5000,ok,
MLB3600789539,JOTABÊ AUTOPEÇAS,15,15,15,600,ok,
MLB4459800268,JOTABÊ AUTOPEÇAS,25,25,25,2000,ok,
MLB4454612088,JOTABÊ AUTOPEÇAS,15,15,15,600,ok,
MLB3600868063,JOTABÊ AUTOPEÇAS,15,15,15,600,ok,
MLB4457555092,JOTABÊ AUTOPEÇAS,30,50,80,12000,ok,
MLB4454723254,JOTABÊ AUTOPEÇAS,10,10,50,800,ok,
MLB4457232580,JOTABÊ AUTOPEÇAS,30,70,100,18000,ok,
MLB4454489074,JOTABÊ AUTOPEÇAS,10,10,50,800,ok,
MLB4456657252,JOTABÊ AUTOPEÇAS,30,50,80,12000,ok,
MLB4456769320,JOTABÊ AUTOPEÇAS,30,50,80,12000,ok,
MLB4465231690,JOTABÊ AUTOPEÇAS,25,25,25,2000,ok,
MLB3605394911,JOTABÊ AUTOPEÇAS,15,15,15,600,ok,
MLB3605130791,JOTABÊ AUTOPEÇAS,15,15,15,600,ok,
MLB4465834408,JOTABÊ AUTOPEÇAS,25,25,25,2000,ok,
MLB3603259209,JOTABÊ AUTOPEÇAS,15,15,15,600,ok,
MLB3604181569,JOTABÊ AUTOPEÇAS,10,10,50,800,ok,
MLB3605215233,JOTABÊ AUTOPEÇAS,15,15,15,600,ok,
MLB4461390272,JOTABÊ AUTOPEÇAS,30,40,50,5000,ok,
MLB4471334340,JOTABÊ AUTOPEÇAS,15,15,15,600,ok,
MLB4474507260,JOTABÊ AUTOPEÇAS,25,25,25,2000,ok,
MLB4481100166,JOTABÊ AUTOPEÇAS,10,10,10,300,ok,
MLB4473944880,JOTABÊ AUTOPEÇAS,30,50,80,12000,ok,
MLB3608502917,JOTABÊ AUTOPEÇAS,30,50,80,12000,ok,
MLB3608309085,JOTABÊ AUTOPEÇAS,30,50,80,12000,ok,
MLB3608207475,JOTABÊ AUTOPEÇAS,15,15,15,600,ok,
MLB4484806226,JOTABÊ AUTOPEÇAS,15,15,15,600,error,Erro ao atualizar item: Validation error (item.attribute.invalid.seller.package.dimensions: The packaging attributes [seller_package_weight] are too small for the product dimensions)
MLB4480641874,JOTABÊ AUTOPEÇAS,10,10,10,300,ok,
MLB3611861171,JOTABÊ AUTOPEÇAS,15,15,15,600,ok,
MLB3608669395,JOTABÊ AUTOPEÇAS,15,15,15,600,ok,
MLB4485125572,JOTABÊ AUTOPEÇAS,15,15,15,600,ok,
MLB4484472390,JOTABÊ AUTOPEÇAS,10,10,10,300,ok,
MLB3611912781,JOTABÊ AUTOPEÇAS,15,15,15,600,ok,
MLB4490884802,JOTABÊ AUTOPEÇAS,15,15,15,600,ok,
MLB4503998804,JOTABÊ AUTOPEÇAS,30,50,80,12000,ok,
MLB3617868665,JOTABÊ AUTOPEÇAS,30,50,80,12000,ok,
MLB3617795907,JOTABÊ AUTOPEÇAS,30,50,80,12000,ok,
MLB3622646967,JOTABÊ AUTOPEÇAS,10,10,10,300,ok,
MLB4530931610,JOTABÊ AUTOPEÇAS,10,10,50,800,ok,
MLB3631786369,JOTABÊ AUTOPEÇAS,15,15,15,600,ok,
MLB3638276209,JOTABÊ AUTOPEÇAS,25,25,25,2000,ok,
MLB4553068554,JOTABÊ AUTOPEÇAS,15,15,15,600,ok,
MLB4542869172,JOTABÊ AUTOPEÇAS,15,15,15,600,ok,
MLB4559463686,JOTABÊ AUTOPEÇAS,15,15,15,600,ok,
MLB4595644674,JOTABÊ AUTOPEÇAS,30,40,50,5000,ok,
MLB4597756858,JOTABÊ AUTOPEÇAS,30,40,50,5000,ok,
MLB4632082680,JOTABÊ AUTOPEÇAS,30,50,80,12000,ok,
MLB3670586891,JOTABÊ AUTOPEÇAS,30,50,80,12000,ok,
MLB3671447833,JOTABÊ AUTOPEÇAS,15,15,15,600,ok,
MLB3690080473,JOTABÊ AUTOPEÇAS,25,25,25,2000,ok,
MLB4688664188,JOTABÊ AUTOPEÇAS,25,25,25,2000,ok,
MLB3690219159,JOTABÊ AUTOPEÇAS,15,15,15,600,ok,
MLB3691858243,JOTABÊ AUTOPEÇAS,10,10,10,300,ok,
MLB3693864085,JOTABÊ AUTOPEÇAS,15,15,15,600,ok,
MLB4700033524,JOTABÊ AUTOPEÇAS,15,15,15,600,ok,
MLB4693021056,JOTABÊ AUTOPEÇAS,25,25,25,2000,ok,
MLB3693830373,JOTABÊ AUTOPEÇAS,15,15,15,600,ok,
MLB3698205299,JOTABÊ AUTOPEÇAS,25,25,25,2000,ok,
MLB4709539208,JOTABÊ AUTOPEÇAS,15,15,15,600,ok,
MLB4699355734,JOTABÊ AUTOPEÇAS,15,15,15,600,ok,
MLB3700623335,JOTABÊ AUTOPEÇAS,30,50,80,12000,ok,
MLB3698782241,JOTABÊ AUTOPEÇAS,30,50,80,12000,ok,
MLB3698129599,JOTABÊ AUTOPEÇAS,25,25,25,2000,ok,
MLB3703833473,JOTABÊ AUTOPEÇAS,15,15,15,600,ok,
MLB3703792531,JOTABÊ AUTOPEÇAS,15,15,15,600,ok,
MLB3703708615,JOTABÊ AUTOPEÇAS,15,15,15,600,ok,
MLB4720244852,JOTABÊ AUTOPEÇAS,30,40,50,5000,ok,
MLB4720403096,JOTABÊ AUTOPEÇAS,30,40,50,5000,ok,
MLB4746244248,JOTABÊ AUTOPEÇAS,30,70,100,18000,ok,
MLB3703706319,JOTABÊ AUTOPEÇAS,30,50,80,12000,ok,
MLB4787479218,JOTABÊ AUTOPEÇAS,25,25,25,2000,ok,
MLB4755128874,JOTABÊ AUTOPEÇAS,15,15,15,600,ok,
MLB4763383674,JOTABÊ AUTOPEÇAS,15,15,15,600,ok,
MLB4787570476,JOTABÊ AUTOPEÇAS,25,25,25,2000,ok,
MLB4759331398,JOTABÊ AUTOPEÇAS,30,50,80,12000,ok,
MLB4780989768,JOTABÊ AUTOPEÇAS,30,70,100,18000,ok,
MLB3727252257,JOTABÊ AUTOPEÇAS,30,50,80,12000,ok,
MLB4795385616,JOTABÊ AUTOPEÇAS,25,25,25,2000,ok,
MLB4795409764,JOTABÊ AUTOPEÇAS,30,50,80,12000,ok,
MLB3744641177,JOTABÊ AUTOPEÇAS,25,25,25,2000,ok,
MLB3745089283,JOTABÊ AUTOPEÇAS,25,25,25,2000,ok,
MLB3744661013,JOTABÊ AUTOPEÇAS,25,25,25,2000,ok,
MLB4795629012,JOTABÊ AUTOPEÇAS,25,25,25,2000,ok,
MLB3746829759,JOTABÊ AUTOPEÇAS,15,15,15,600,ok,
MLB4795413966,JOTABÊ AUTOPEÇAS,25,25,25,2000,ok,
MLB4810982266,JOTABÊ AUTOPEÇAS,15,15,15,600,ok,
MLB3750253939,JOTABÊ AUTOPEÇAS,30,40,50,5000,ok,
MLB3746119233,JOTABÊ AUTOPEÇAS,15,15,15,600,ok,
MLB4798973008,JOTABÊ AUTOPEÇAS,25,25,25,2000,ok,
MLB4808510338,JOTABÊ AUTOPEÇAS,30,40,50,5000,ok,
MLB3748712875,JOTABÊ AUTOPEÇAS,30,50,80,12000,ok,
MLB3746063205,JOTABÊ AUTOPEÇAS,15,15,15,600,ok,
MLB3759705499,JOTABÊ AUTOPEÇAS,25,25,25,2000,ok,
MLB4835585266,JOTABÊ AUTOPEÇAS,25,25,25,2000,ok,
MLB4829252698,JOTABÊ AUTOPEÇAS,15,15,15,600,ok,
MLB3758152067,JOTABÊ AUTOPEÇAS,10,10,10,300,ok,
MLB3759987457,JOTABÊ AUTOPEÇAS,15,15,15,600,ok,
MLB3759647747,JOTABÊ AUTOPEÇAS,10,10,10,300,ok,
MLB3760230655,JOTABÊ AUTOPEÇAS,15,15,15,600,ok,
MLB3757990403,JOTABÊ AUTOPEÇAS,15,40,40,2000,ok,
MLB3760171515,JOTABÊ AUTOPEÇAS,25,25,25,2000,ok,
MLB4855870440,JOTABÊ AUTOPEÇAS,15,15,15,600,ok,
MLB3768660801,JOTABÊ AUTOPEÇAS,15,15,15,600,ok,
MLB4846340664,JOTABÊ AUTOPEÇAS,15,15,15,600,ok,
MLB4862555800,JOTABÊ AUTOPEÇAS,15,15,15,600,ok,
MLB3765667747,JOTABÊ AUTOPEÇAS,15,15,15,600,ok,
MLB4858724224,JOTABÊ AUTOPEÇAS,15,15,15,600,ok,
MLB3766835471,JOTABÊ AUTOPEÇAS,15,15,15,600,ok,
MLB3765754547,JOTABÊ AUTOPEÇAS,30,50,80,12000,ok,
MLB4862780832,JOTABÊ AUTOPEÇAS,15,15,15,600,ok,
MLB4854664390,JOTABÊ AUTOPEÇAS,15,15,15,600,ok,
MLB4862966668,JOTABÊ AUTOPEÇAS,15,15,15,600,ok,
MLB4858302098,JOTABÊ AUTOPEÇAS,15,15,15,600,ok,
MLB3764144607,JOTABÊ AUTOPEÇAS,15,15,15,600,ok,
MLB4849892344,JOTABÊ AUTOPEÇAS,15,15,15,600,ok,
MLB3767228003,JOTABÊ AUTOPEÇAS,30,40,50,5000,ok,
MLB3767131067,JOTABÊ AUTOPEÇAS,15,15,15,600,ok,
MLB3768723179,JOTABÊ AUTOPEÇAS,15,15,15,600,ok,
MLB4884165732,JOTABÊ AUTOPEÇAS,10,10,50,800,ok,
MLB3772561575,JOTABÊ AUTOPEÇAS,10,10,50,800,ok,
MLB4870743968,JOTABÊ AUTOPEÇAS,15,40,40,2000,ok,
MLB4869869592,JOTABÊ AUTOPEÇAS,15,15,15,600,ok,
MLB4870813920,JOTABÊ AUTOPEÇAS,15,15,15,600,ok,
MLB3768430329,JOTABÊ AUTOPEÇAS,15,15,15,600,ok,
MLB3768395405,JOTABÊ AUTOPEÇAS,30,50,80,12000,ok,
MLB4864744832,JOTABÊ AUTOPEÇAS,15,15,15,600,ok,
MLB3771190579,JOTABÊ AUTOPEÇAS,30,40,50,5000,ok,
MLB3771176665,JOTABÊ AUTOPEÇAS,15,15,15,600,ok,
MLB4870518954,JOTABÊ AUTOPEÇAS,30,50,80,12000,ok,
MLB4878944372,JOTABÊ AUTOPEÇAS,30,50,80,12000,ok,
MLB3773781847,JOTABÊ AUTOPEÇAS,30,40,50,5000,ok,
MLB4874303914,JOTABÊ AUTOPEÇAS,25,25,25,2000,ok,
MLB3775512739,JOTABÊ AUTOPEÇAS,10,10,50,800,ok,
MLB4883249558,JOTABÊ AUTOPEÇAS,15,15,15,600,ok,
MLB4903691550,JOTABÊ AUTOPEÇAS,15,40,40,2000,ok,
MLB3780942587,JOTABÊ AUTOPEÇAS,30,50,80,12000,ok,
MLB3775708977,JOTABÊ AUTOPEÇAS,15,15,15,600,ok,
MLB4887842052,JOTABÊ AUTOPEÇAS,15,15,15,600,ok,
MLB4903042152,JOTABÊ AUTOPEÇAS,25,25,25,2000,ok,
MLB4888378200,JOTABÊ AUTOPEÇAS,30,40,50,5000,ok,
MLB3781138571,JOTABÊ AUTOPEÇAS,30,50,80,12000,ok,
MLB3774896205,JOTABÊ AUTOPEÇAS,25,25,25,2000,ok,
MLB4890196380,JOTABÊ AUTOPEÇAS,30,40,50,5000,ok,
MLB4887163836,JOTABÊ AUTOPEÇAS,30,50,80,12000,ok,
MLB3779665679,JOTABÊ AUTOPEÇAS,30,40,50,5000,ok,
MLB3777014447,JOTABÊ AUTOPEÇAS,10,10,10,300,ok,
MLB4902584094,JOTABÊ AUTOPEÇAS,15,15,15,600,ok,
MLB3782049061,JOTABÊ AUTOPEÇAS,15,15,15,600,ok,
MLB3783773429,JOTABÊ AUTOPEÇAS,30,50,80,12000,ok,
MLB3782128239,JOTABÊ AUTOPEÇAS,25,25,25,2000,ok,
MLB3782238715,JOTABÊ AUTOPEÇAS,25,25,25,2000,ok,
MLB4908806092,JOTABÊ AUTOPEÇAS,25,25,25,2000,ok,
MLB4909149080,JOTABÊ AUTOPEÇAS,25,25,25,2000,ok,
MLB4908679716,JOTABÊ AUTOPEÇAS,25,25,25,2000,ok,
MLB4909199386,JOTABÊ AUTOPEÇAS,25,25,25,2000,ok,
MLB4913360722,JOTABÊ AUTOPEÇAS,30,50,80,12000,ok,
MLB3784017759,JOTABÊ AUTOPEÇAS,15,15,15,600,ok,
MLB3783911005,JOTABÊ AUTOPEÇAS,15,15,15,600,ok,
MLB3784101969,JOTABÊ AUTOPEÇAS,15,15,15,600,ok,
MLB3783805759,JOTABÊ AUTOPEÇAS,30,50,80,12000,ok,
MLB4921284544,JOTABÊ AUTOPEÇAS,30,70,100,18000,ok,
MLB3783772511,JOTABÊ AUTOPEÇAS,15,15,15,600,ok,
MLB4921231904,JOTABÊ AUTOPEÇAS,30,70,100,18000,ok,
MLB4921275836,JOTABÊ AUTOPEÇAS,25,25,25,2000,ok,
MLB4927426156,JOTABÊ AUTOPEÇAS,15,15,15,600,ok,
MLB4917939960,JOTABÊ AUTOPEÇAS,15,15,15,600,ok,
MLB4921213924,JOTABÊ AUTOPEÇAS,15,15,15,600,ok,
MLB4918244460,JOTABÊ AUTOPEÇAS,30,50,80,12000,ok,
MLB3786488579,JOTABÊ AUTOPEÇAS,30,50,80,12000,ok,
MLB4918535870,JOTABÊ AUTOPEÇAS,15,15,15,600,ok,
MLB3786411065,JOTABÊ AUTOPEÇAS,30,50,80,12000,ok,
MLB4921207036,JOTABÊ AUTOPEÇAS,15,15,15,600,ok,
MLB3785369603,JOTABÊ AUTOPEÇAS,15,15,15,600,ok,
MLB4921189876,JOTABÊ AUTOPEÇAS,15,15,15,600,ok,
MLB4918467726,JOTABÊ AUTOPEÇAS,15,15,15,600,ok,
MLB3787795857,JOTABÊ AUTOPEÇAS,30,50,80,12000,ok,
MLB4927368048,JOTABÊ AUTOPEÇAS,15,15,15,600,ok,
MLB4927398980,JOTABÊ AUTOPEÇAS,15,15,15,600,ok,
MLB3789566107,JOTABÊ AUTOPEÇAS,15,15,15,600,ok,
MLB3789636727,JOTABÊ AUTOPEÇAS,15,15,15,600,ok,
MLB3788287803,JOTABÊ AUTOPEÇAS,15,15,15,600,ok,
MLB3787781929,JOTABÊ AUTOPEÇAS,25,25,25,2000,ok,
MLB4931806658,JOTABÊ AUTOPEÇAS,15,15,15,600,ok,
MLB3789732043,JOTABÊ AUTOPEÇAS,15,15,15,600,ok,
MLB4936328976,JOTABÊ AUTOPEÇAS,15,15,15,600,ok,
MLB3787811393,JOTABÊ AUTOPEÇAS,15,15,15,600,ok,
MLB3789890215,JOTABÊ AUTOPEÇAS,15,15,15,600,ok,
MLB4927418492,JOTABÊ AUTOPEÇAS,15,15,15,600,ok,
MLB4936516458,JOTABÊ AUTOPEÇAS,25,25,25,2000,ok,
MLB3787795367,JOTABÊ AUTOPEÇAS,15,15,15,600,ok,
MLB3789522941,JOTABÊ AUTOPEÇAS,10,10,50,800,ok,
MLB4936328658,JOTABÊ AUTOPEÇAS,25,25,25,2000,ok,
MLB4935962480,JOTABÊ AUTOPEÇAS,10,10,50,800,ok,
MLB4935448494,JOTABÊ AUTOPEÇAS,15,15,15,600,ok,
MLB4940264818,JOTABÊ AUTOPEÇAS,30,40,50,5000,ok,
MLB4936118312,JOTABÊ AUTOPEÇAS,15,15,15,600,ok,
MLB3791030915,JOTABÊ AUTOPEÇAS,15,15,15,600,ok,
MLB4939676764,JOTABÊ AUTOPEÇAS,15,15,15,600,ok,
MLB3790560079,JOTABÊ AUTOPEÇAS,25,25,25,2000,ok,
MLB3790871825,JOTABÊ AUTOPEÇAS,15,15,15,600,ok,
MLB4935967630,JOTABÊ AUTOPEÇAS,15,15,15,600,ok,
MLB3790920583,JOTABÊ AUTOPEÇAS,15,15,15,600,ok,
MLB4944043180,JOTABÊ AUTOPEÇAS,15,15,15,600,ok,
MLB3792768783,JOTABÊ AUTOPEÇAS,15,15,15,600,ok,
MLB4943558182,JOTABÊ AUTOPEÇAS,15,15,15,600,ok,
MLB3792718723,JOTABÊ AUTOPEÇAS,15,15,15,600,ok,
MLB3793992013,JOTABÊ AUTOPEÇAS,25,25,25,2000,ok,
MLB3794033099,JOTABÊ AUTOPEÇAS,15,15,15,600,ok,
MLB4943582186,JOTABÊ AUTOPEÇAS,15,15,15,600,ok,
MLB3793659991,JOTABÊ AUTOPEÇAS,15,15,15,600,ok,
MLB4957082662,JOTABÊ AUTOPEÇAS,25,25,25,2000,ok,
MLB3793404533,JOTABÊ AUTOPEÇAS,10,10,10,300,ok,
MLB4946939706,JOTABÊ AUTOPEÇAS,25,25,25,2000,ok,
MLB3794915401,JOTABÊ AUTOPEÇAS,25,25,25,2000,ok,
MLB4959115066,JOTABÊ AUTOPEÇAS,25,25,25,2000,ok,
MLB4959075852,JOTABÊ AUTOPEÇAS,15,15,15,600,ok,
MLB4959592332,JOTABÊ AUTOPEÇAS,30,50,80,12000,ok,
MLB4962481016,JOTABÊ AUTOPEÇAS,15,15,15,600,ok,
MLB3797898393,JOTABÊ AUTOPEÇAS,15,15,15,600,ok,
MLB4962141348,JOTABÊ AUTOPEÇAS,15,15,15,600,ok,
MLB4962495380,JOTABÊ AUTOPEÇAS,15,15,15,600,ok,
MLB3797893249,JOTABÊ AUTOPEÇAS,15,15,15,600,ok,
MLB4968097410,JOTABÊ AUTOPEÇAS,25,25,25,2000,ok,
MLB4968805862,JOTABÊ AUTOPEÇAS,10,10,10,300,ok,
MLB3802370255,JOTABÊ AUTOPEÇAS,10,10,50,800,ok,
MLB4970102640,JOTABÊ AUTOPEÇAS,15,15,15,600,ok,
MLB3802368869,JOTABÊ AUTOPEÇAS,10,10,50,800,ok,
MLB3802396257,JOTABÊ AUTOPEÇAS,15,15,15,600,ok,
MLB4970183522,JOTABÊ AUTOPEÇAS,15,15,15,600,ok,
MLB4976359020,JOTABÊ AUTOPEÇAS,15,15,15,600,ok,
MLB4983732338,JOTABÊ AUTOPEÇAS,30,50,80,12000,ok,
MLB3807493605,JOTABÊ AUTOPEÇAS,30,50,80,12000,ok,
MLB3807523795,JOTABÊ AUTOPEÇAS,25,25,25,2000,ok,
MLB3807920417,JOTABÊ AUTOPEÇAS,30,50,80,12000,ok,
MLB3809282119,JOTABÊ AUTOPEÇAS,25,25,25,2000,ok,
MLB3809330629,JOTABÊ AUTOPEÇAS,25,25,25,2000,ok,
MLB4992474730,JOTABÊ AUTOPEÇAS,15,15,15,600,ok,
MLB3815671291,JOTABÊ AUTOPEÇAS,15,15,15,600,ok,
MLB5004954882,JOTABÊ AUTOPEÇAS,15,15,15,600,ok,
MLB5005007110,JOTABÊ AUTOPEÇAS,15,15,15,600,ok,
MLB5004965826,JOTABÊ AUTOPEÇAS,15,15,15,600,ok,
MLB3819749467,JOTABÊ AUTOPEÇAS,15,15,15,600,ok,
MLB3821629093,JOTABÊ AUTOPEÇAS,25,25,25,2000,ok,
MLB5007693782,JOTABÊ AUTOPEÇAS,25,25,25,2000,ok,
MLB3819746649,JOTABÊ AUTOPEÇAS,15,15,15,600,ok,
MLB5013420990,JOTABÊ AUTOPEÇAS,30,70,100,18000,ok,
MLB5017248628,JOTABÊ AUTOPEÇAS,30,70,100,18000,ok,
MLB5017195400,JOTABÊ AUTOPEÇAS,30,70,100,18000,ok,
MLB5016434888,JOTABÊ AUTOPEÇAS,30,50,80,12000,ok,
MLB5017010958,JOTABÊ AUTOPEÇAS,10,10,10,300,ok,
MLB5019394878,JOTABÊ AUTOPEÇAS,30,50,80,12000,ok,
MLB5024333030,JOTABÊ AUTOPEÇAS,30,40,50,5000,ok,
MLB3825102003,JOTABÊ AUTOPEÇAS,15,15,15,600,ok,
MLB3829221527,JOTABÊ AUTOPEÇAS,15,15,15,600,ok,
MLB3829077985,JOTABÊ AUTOPEÇAS,15,15,15,600,ok,
MLB5026441124,JOTABÊ AUTOPEÇAS,30,70,100,18000,ok,
MLB3829185677,JOTABÊ AUTOPEÇAS,15,15,15,600,ok,
MLB3829152997,JOTABÊ AUTOPEÇAS,30,70,100,18000,ok,
MLB3829405195,JOTABÊ AUTOPEÇAS,15,40,40,2000,ok,
MLB5026842498,JOTABÊ AUTOPEÇAS,30,70,100,18000,ok,
MLB5023981192,JOTABÊ AUTOPEÇAS,30,70,100,18000,ok,
MLB5023376250,JOTABÊ AUTOPEÇAS,30,40,50,5000,ok,
MLB5024002514,JOTABÊ AUTOPEÇAS,15,15,15,600,ok,
MLB3829221689,JOTABÊ AUTOPEÇAS,30,70,100,18000,ok,
MLB3830827565,JOTABÊ AUTOPEÇAS,30,70,100,18000,ok,
MLB5028923428,JOTABÊ AUTOPEÇAS,25,25,25,2000,ok,
MLB5026403526,JOTABÊ AUTOPEÇAS,30,70,100,18000,ok,
MLB3830836131,JOTABÊ AUTOPEÇAS,30,70,100,18000,ok,
MLB3830311067,JOTABÊ AUTOPEÇAS,10,10,50,800,ok,
MLB5029217356,JOTABÊ AUTOPEÇAS,25,25,25,2000,ok,
MLB3830140373,JOTABÊ AUTOPEÇAS,30,40,50,5000,ok,
MLB3835377091,JOTABÊ AUTOPEÇAS,10,10,10,300,ok,
MLB3833321853,JOTABÊ AUTOPEÇAS,15,15,15,600,ok,
MLB3837110711,JOTABÊ AUTOPEÇAS,15,15,15,600,ok,
MLB3833219977,JOTABÊ AUTOPEÇAS,15,15,15,600,ok,
MLB5039209040,JOTABÊ AUTOPEÇAS,15,15,15,600,ok,
MLB5038437952,JOTABÊ AUTOPEÇAS,15,15,15,600,ok,
MLB5041258776,JOTABÊ AUTOPEÇAS,30,70,100,18000,ok,
MLB3841376535,JOTABÊ AUTOPEÇAS,15,40,40,2000,ok,
MLB3836800103,JOTABÊ AUTOPEÇAS,15,15,15,600,ok,
MLB5043914890,JOTABÊ AUTOPEÇAS,30,40,50,5000,ok,
MLB3838004659,JOTABÊ AUTOPEÇAS,15,15,15,600,ok,
MLB5041869494,JOTABÊ AUTOPEÇAS,10,10,10,300,ok,
MLB3839667823,JOTABÊ AUTOPEÇAS,15,15,15,600,ok,
MLB3836831891,JOTABÊ AUTOPEÇAS,15,15,15,600,error,Erro ao atualizar item: Repeated user-product. Conflict id: MLBU1476653123 (item.user_product.repeated.conflict: User product was duplicated)
MLB3843228939,JOTABÊ AUTOPEÇAS,10,10,10,300,ok,
MLB5048924968,JOTABÊ AUTOPEÇAS,30,40,50,5000,ok,
MLB5048795740,JOTABÊ AUTOPEÇAS,10,10,50,800,ok,
MLB5049999366,JOTABÊ AUTOPEÇAS,10,10,50,800,ok,
MLB5049998610,JOTABÊ AUTOPEÇAS,10,10,50,800,ok,
MLB5049868154,JOTABÊ AUTOPEÇAS,10,10,50,800,ok,
MLB3843377385,JOTABÊ AUTOPEÇAS,15,15,15,600,ok,
MLB5049869746,JOTABÊ AUTOPEÇAS,15,40,40,2000,ok,
MLB3843259081,JOTABÊ AUTOPEÇAS,10,10,59,800,ok,
MLB5049771308,JOTABÊ AUTOPEÇAS,10,10,59,800,ok,
MLB5049974550,JOTABÊ AUTOPEÇAS,15,15,15,600,ok,
MLB3843220857,JOTABÊ AUTOPEÇAS,10,10,59,800,ok,
MLB3843367665,JOTABÊ AUTOPEÇAS,10,10,10,300,ok,
MLB3846277225,JOTABÊ AUTOPEÇAS,15,15,15,600,ok,
MLB3845913215,JOTABÊ AUTOPEÇAS,25,25,25,2000,ok,
MLB3846390085,JOTABÊ AUTOPEÇAS,25,25,25,2000,ok,
MLB3843202673,JOTABÊ AUTOPEÇAS,10,10,10,300,ok,
MLB3846396219,JOTABÊ AUTOPEÇAS,25,25,25,2000,ok,
MLB3845258813,JOTABÊ AUTOPEÇAS,15,15,15,600,ok,
MLB5056980366,JOTABÊ AUTOPEÇAS,15,15,15,600,ok,
MLB3846112431,JOTABÊ AUTOPEÇAS,15,15,15,600,ok,
MLB5055348596,JOTABÊ AUTOPEÇAS,15,15,15,600,ok,
MLB3847561861,JOTABÊ AUTOPEÇAS,15,15,15,600,ok,
MLB3847537297,JOTABÊ AUTOPEÇAS,15,15,15,600,ok,
MLB5056953418,JOTABÊ AUTOPEÇAS,15,15,15,600,ok,
MLB3847515149,JOTABÊ AUTOPEÇAS,30,40,50,5000,ok,
MLB3851723283,JOTABÊ AUTOPEÇAS,15,15,15,600,ok,
MLB5065572460,JOTABÊ AUTOPEÇAS,30,70,100,18000,ok,
MLB3848590285,JOTABÊ AUTOPEÇAS,10,10,10,300,ok,
MLB3849530707,JOTABÊ AUTOPEÇAS,25,25,25,2000,ok,
MLB3849722959,JOTABÊ AUTOPEÇAS,30,50,80,12000,ok,
MLB5066875050,JOTABÊ AUTOPEÇAS,25,25,25,2000,ok,
MLB3849750811,JOTABÊ AUTOPEÇAS,25,25,25,2000,ok,
MLB5059095954,JOTABÊ AUTOPEÇAS,15,15,15,600,ok,
MLB5060790014,JOTABÊ AUTOPEÇAS,15,15,15,600,ok,
MLB5067153706,JOTABÊ AUTOPEÇAS,15,15,15,600,ok,
MLB3848779321,JOTABÊ AUTOPEÇAS,30,40,50,5000,ok,
MLB3850565977,JOTABÊ AUTOPEÇAS,15,15,15,600,ok,
MLB5073189128,JOTABÊ AUTOPEÇAS,15,15,15,600,ok,
MLB5070562308,JOTABÊ AUTOPEÇAS,10,10,50,800,ok,
MLB5070855018,JOTABÊ AUTOPEÇAS,10,10,50,800,ok,
MLB5068968960,JOTABÊ AUTOPEÇAS,10,10,50,800,ok,
MLB3852906811,JOTABÊ AUTOPEÇAS,15,15,15,600,ok,
MLB3852562345,JOTABÊ AUTOPEÇAS,15,15,15,600,ok,
MLB5070816390,JOTABÊ AUTOPEÇAS,15,15,15,600,ok,
MLB5070795310,JOTABÊ AUTOPEÇAS,15,15,15,600,ok,
MLB5070797138,JOTABÊ AUTOPEÇAS,15,15,15,600,ok,
MLB5071035058,JOTABÊ AUTOPEÇAS,15,15,15,600,ok,
MLB3852808317,JOTABÊ AUTOPEÇAS,30,50,80,12000,ok,
MLB3853641971,JOTABÊ AUTOPEÇAS,15,15,15,600,ok,
MLB3852781185,JOTABÊ AUTOPEÇAS,15,15,15,600,ok,
MLB3852776875,JOTABÊ AUTOPEÇAS,15,15,15,600,ok,
MLB3852896137,JOTABÊ AUTOPEÇAS,15,15,15,600,ok,
MLB5070354908,JOTABÊ AUTOPEÇAS,10,10,50,800,ok,
MLB5073086194,JOTABÊ AUTOPEÇAS,10,10,10,300,ok,
MLB5072782030,JOTABÊ AUTOPEÇAS,15,15,15,600,ok,
MLB3856237021,JOTABÊ AUTOPEÇAS,25,25,25,2000,ok,
MLB3855824725,JOTABÊ AUTOPEÇAS,10,10,50,800,ok,
MLB5077122326,JOTABÊ AUTOPEÇAS,15,15,15,600,ok,
MLB3856251871,JOTABÊ AUTOPEÇAS,30,50,80,12000,ok,
MLB3855993187,JOTABÊ AUTOPEÇAS,15,15,15,600,ok,
MLB3856125497,JOTABÊ AUTOPEÇAS,15,15,15,600,ok,
MLB3858474741,JOTABÊ AUTOPEÇAS,15,40,40,2000,ok,
MLB5072732976,JOTABÊ AUTOPEÇAS,15,15,15,600,ok,
MLB5072706192,JOTABÊ AUTOPEÇAS,30,50,80,12000,ok,
MLB3856084717,JOTABÊ AUTOPEÇAS,15,15,15,600,ok,
MLB3858475269,JOTABÊ AUTOPEÇAS,15,40,40,2000,ok,
MLB5072710286,JOTABÊ AUTOPEÇAS,15,15,15,600,ok,
MLB3858160901,JOTABÊ AUTOPEÇAS,10,10,50,800,ok,
MLB5081974120,JOTABÊ AUTOPEÇAS,25,25,25,2000,ok,
MLB3859456337,JOTABÊ AUTOPEÇAS,10,10,10,300,ok,
MLB5079236006,JOTABÊ AUTOPEÇAS,30,40,50,5000,ok,
MLB3859440027,JOTABÊ AUTOPEÇAS,15,15,15,600,ok,
MLB3860119695,JOTABÊ AUTOPEÇAS,15,15,15,600,ok,
MLB3860350095,JOTABÊ AUTOPEÇAS,10,10,10,300,ok,
MLB5082823156,JOTABÊ AUTOPEÇAS,30,70,100,18000,ok,
MLB3859235963,JOTABÊ AUTOPEÇAS,15,15,15,600,ok,
MLB3858113667,JOTABÊ AUTOPEÇAS,15,15,15,600,ok,
MLB3860241585,JOTABÊ AUTOPEÇAS,15,15,15,600,ok,
MLB5081519628,JOTABÊ AUTOPEÇAS,15,15,15,600,ok,
MLB5081517616,JOTABÊ AUTOPEÇAS,15,15,15,600,ok,
MLB3860109803,JOTABÊ AUTOPEÇAS,30,50,80,12000,ok,
MLB5085203498,JOTABÊ AUTOPEÇAS,25,25,25,2000,ok,
MLB5085197796,JOTABÊ AUTOPEÇAS,30,50,80,12000,ok,
MLB3861265555,JOTABÊ AUTOPEÇAS,10,10,50,800,ok,
MLB3860107637,JOTABÊ AUTOPEÇAS,30,50,80,12000,ok,
MLB3861264465,JOTABÊ AUTOPEÇAS,15,40,40,2000,ok,
MLB5084519306,JOTABÊ AUTOPEÇAS,30,40,50,5000,ok,
MLB3861585781,JOTABÊ AUTOPEÇAS,15,15,15,600,ok,
MLB3860106231,JOTABÊ AUTOPEÇAS,15,15,15,600,ok,
MLB3860059711,JOTABÊ AUTOPEÇAS,30,50,80,12000,ok,
MLB5084650334,JOTABÊ AUTOPEÇAS,15,40,40,2000,ok,
MLB3862511757,JOTABÊ AUTOPEÇAS,15,15,15,600,ok,
MLB3864807591,JOTABÊ AUTOPEÇAS,10,10,50,800,ok,
MLB5084528324,JOTABÊ AUTOPEÇAS,30,40,50,5000,ok,
MLB3865814961,JOTABÊ AUTOPEÇAS,15,15,15,600,ok,
MLB3864869941,JOTABÊ AUTOPEÇAS,15,40,40,2000,ok,
MLB3865654139,JOTABÊ AUTOPEÇAS,10,10,10,300,ok,
MLB5101410122,JOTABÊ AUTOPEÇAS,15,15,15,600,ok,
MLB3868053543,JOTABÊ AUTOPEÇAS,30,50,80,12000,ok,
MLB5092619952,JOTABÊ AUTOPEÇAS,15,15,15,600,ok,
MLB5098731956,JOTABÊ AUTOPEÇAS,15,15,15,600,ok,
MLB5097541126,JOTABÊ AUTOPEÇAS,15,15,15,600,ok,
MLB3865794487,JOTABÊ AUTOPEÇAS,25,25,25,2000,ok,
MLB5101460312,JOTABÊ AUTOPEÇAS,30,40,50,5000,ok,
MLB3865165131,JOTABÊ AUTOPEÇAS,15,15,15,600,ok,
MLB3870788501,JOTABÊ AUTOPEÇAS,25,25,25,2000,ok,
MLB3870512815,JOTABÊ AUTOPEÇAS,30,70,100,18000,ok,
MLB3869004045,JOTABÊ AUTOPEÇAS,30,70,100,18000,ok,
MLB3868873119,JOTABÊ AUTOPEÇAS,25,25,25,2000,error,Erro ao atualizar item: Validation error (item.attribute.invalid.seller.package.dimensions: The packaging attributes [seller_package_width; seller_package_height; seller_package_weight] are too small for the product dimensions)
MLB3870492833,JOTABÊ AUTOPEÇAS,30,70,100,18000,ok,
MLB3869065991,JOTABÊ AUTOPEÇAS,10,10,50,800,ok,
MLB5109862904,JOTABÊ AUTOPEÇAS,15,15,15,600,ok,
MLB5105748516,JOTABÊ AUTOPEÇAS,15,15,15,600,ok,
MLB3873847451,JOTABÊ AUTOPEÇAS,15,15,15,600,ok,
MLB5111861000,JOTABÊ AUTOPEÇAS,30,70,100,18000,ok,
MLB5110931946,JOTABÊ AUTOPEÇAS,15,15,15,600,ok,
MLB3873850457,JOTABÊ AUTOPEÇAS,25,25,25,2000,ok,
MLB3873953123,JOTABÊ AUTOPEÇAS,30,70,100,18000,ok,
MLB5113864702,JOTABÊ AUTOPEÇAS,15,40,40,2000,ok,
MLB5114979766,JOTABÊ AUTOPEÇAS,25,25,25,2000,ok,
MLB5114929606,JOTABÊ AUTOPEÇAS,25,25,25,2000,ok,
MLB5113846812,JOTABÊ AUTOPEÇAS,30,70,100,18000,ok,
MLB3876981689,JOTABÊ AUTOPEÇAS,10,10,10,300,ok,
MLB5120362382,JOTABÊ AUTOPEÇAS,30,50,80,12000,ok,
MLB3879185691,JOTABÊ AUTOPEÇAS,30,70,100,18000,ok,
MLB5124857256,JOTABÊ AUTOPEÇAS,15,40,40,2000,ok,
MLB5124386022,JOTABÊ AUTOPEÇAS,15,40,40,2000,ok,
MLB5124713190,JOTABÊ AUTOPEÇAS,10,10,10,300,ok,
MLB5126658618,JOTABÊ AUTOPEÇAS,25,25,25,2000,ok,
MLB5124216082,JOTABÊ AUTOPEÇAS,10,10,50,800,ok,
MLB5124781842,JOTABÊ AUTOPEÇAS,10,10,50,800,ok,
MLB3884184035,JOTABÊ AUTOPEÇAS,30,40,50,5000,ok,
MLB3884141525,JOTABÊ AUTOPEÇAS,30,40,50,5000,ok,
MLB5131085482,JOTABÊ AUTOPEÇAS,30,40,50,5000,ok,
MLB3881601881,JOTABÊ AUTOPEÇAS,30,70,100,18000,ok,
MLB3887784445,JOTABÊ AUTOPEÇAS,15,40,40,2000,ok,
MLB3889723305,JOTABÊ AUTOPEÇAS,10,10,50,800,ok,
MLB5149264144,JOTABÊ AUTOPEÇAS,15,15,15,600,ok,
MLB5148940336,JOTABÊ AUTOPEÇAS,15,40,40,2000,ok,
MLB3893136573,JOTABÊ AUTOPEÇAS,25,25,25,2000,ok,
MLB3894298119,JOTABÊ AUTOPEÇAS,15,40,40,2000,ok,
MLB3894877651,JOTABÊ AUTOPEÇAS,30,70,100,18000,ok,
MLB3895630097,JOTABÊ AUTOPEÇAS,15,15,15,600,ok,
MLB3895566583,JOTABÊ AUTOPEÇAS,15,15,15,600,ok,
MLB5159681480,JOTABÊ AUTOPEÇAS,30,40,50,5000,ok,
MLB3897819067,JOTABÊ AUTOPEÇAS,25,25,25,2000,ok,
MLB5161832538,JOTABÊ AUTOPEÇAS,10,10,50,800,ok,
MLB5162089010,JOTABÊ AUTOPEÇAS,15,15,15,600,ok,
MLB5159119570,JOTABÊ AUTOPEÇAS,25,25,25,2000,ok,
MLB5159070260,JOTABÊ AUTOPEÇAS,15,15,15,600,ok,
MLB5159478210,JOTABÊ AUTOPEÇAS,30,40,50,5000,ok,
MLB3898632933,JOTABÊ AUTOPEÇAS,25,25,25,2000,error,Erro ao atualizar item: Validation error (item.attribute.invalid.seller.package.dimensions: The packaging attributes [seller_package_height; seller_package_weight] are too small for the product dimensions)
MLB3899769621,JOTABÊ AUTOPEÇAS,30,50,80,12000,ok,
MLB3899943207,JOTABÊ AUTOPEÇAS,10,10,50,800,ok,
MLB5164051012,JOTABÊ AUTOPEÇAS,25,25,25,2000,ok,
MLB5164010248,JOTABÊ AUTOPEÇAS,25,25,25,2000,ok,
MLB5163823658,JOTABÊ AUTOPEÇAS,10,10,50,800,ok,
MLB5161585964,JOTABÊ AUTOPEÇAS,15,40,40,2000,ok,
MLB5166951000,JOTABÊ AUTOPEÇAS,25,25,25,2000,ok,
MLB5166188518,JOTABÊ AUTOPEÇAS,30,40,50,5000,ok,
MLB5166234164,JOTABÊ AUTOPEÇAS,25,25,25,2000,ok,
MLB5166692384,JOTABÊ AUTOPEÇAS,30,40,50,5000,ok,
MLB5166855194,JOTABÊ AUTOPEÇAS,25,25,25,2000,ok,
MLB5166747510,JOTABÊ AUTOPEÇAS,25,25,25,2000,ok,
MLB5166781608,JOTABÊ AUTOPEÇAS,10,10,50,800,ok,
MLB3902684511,JOTABÊ AUTOPEÇAS,10,10,10,300,ok,
MLB5166733822,JOTABÊ AUTOPEÇAS,15,15,15,600,ok,
MLB5170453822,JOTABÊ AUTOPEÇAS,15,15,15,600,ok,
MLB5170581488,JOTABÊ AUTOPEÇAS,10,10,50,800,ok,
MLB5170389320,JOTABÊ AUTOPEÇAS,15,15,15,600,ok,
MLB5170732394,JOTABÊ AUTOPEÇAS,30,70,100,18000,ok,
MLB3902292415,JOTABÊ AUTOPEÇAS,30,40,50,5000,ok,
MLB5170579854,JOTABÊ AUTOPEÇAS,15,15,15,600,ok,
MLB5170259394,JOTABÊ AUTOPEÇAS,15,15,15,600,ok,
MLB5170690714,JOTABÊ AUTOPEÇAS,15,15,15,600,ok,
MLB5170601946,JOTABÊ AUTOPEÇAS,30,50,80,12000,ok,
MLB5173296274,JOTABÊ AUTOPEÇAS,25,25,25,2000,ok,
MLB3904431837,JOTABÊ AUTOPEÇAS,10,10,50,800,ok,
MLB3904839093,JOTABÊ AUTOPEÇAS,30,40,50,5000,ok,
MLB3904677983,JOTABÊ AUTOPEÇAS,15,15,15,600,ok,
MLB3904221067,JOTABÊ AUTOPEÇAS,10,10,50,800,ok,
MLB3904355641,JOTABÊ AUTOPEÇAS,15,15,15,600,ok,
MLB5173309620,JOTABÊ AUTOPEÇAS,30,40,50,5000,ok,
MLB3904434265,JOTABÊ AUTOPEÇAS,15,15,15,600,ok,
MLB3905733969,JOTABÊ AUTOPEÇAS,15,40,40,2000,ok,
MLB5173281018,JOTABÊ AUTOPEÇAS,10,10,50,800,ok,
MLB3905821711,JOTABÊ AUTOPEÇAS,10,10,50,800,ok,
MLB3905703397,JOTABÊ AUTOPEÇAS,15,40,40,2000,ok,
MLB3905362511,JOTABÊ AUTOPEÇAS,10,10,50,800,ok,
MLB3905710767,JOTABÊ AUTOPEÇAS,30,70,100,18000,ok,
MLB5173207458,JOTABÊ AUTOPEÇAS,15,40,40,2000,ok,
MLB3905420499,JOTABÊ AUTOPEÇAS,10,10,50,800,ok,
MLB3905408923,JOTABÊ AUTOPEÇAS,15,15,15,600,ok,
MLB3905370955,JOTABÊ AUTOPEÇAS,15,15,15,600,ok,
MLB5172619950,JOTABÊ AUTOPEÇAS,15,15,15,600,error,Erro ao atualizar item: Validation error (item.attribute.invalid.seller.package.dimensions: The packaging attributes [seller_package_width; seller_package_height; seller_package_weight] are too small for the product dimensions)
MLB3905852441,JOTABÊ AUTOPEÇAS,10,10,50,800,ok,
MLB5175974716,JOTABÊ AUTOPEÇAS,10,10,10,300,ok,
MLB3905317641,JOTABÊ AUTOPEÇAS,25,25,25,2000,ok,
MLB5176229110,JOTABÊ AUTOPEÇAS,25,25,25,2000,ok,
MLB5175769984,JOTABÊ AUTOPEÇAS,25,25,25,2000,ok,
MLB3905348355,JOTABÊ AUTOPEÇAS,10,10,50,800,ok,
MLB5175992686,JOTABÊ AUTOPEÇAS,10,10,10,300,ok,
MLB3905338819,JOTABÊ AUTOPEÇAS,10,10,50,800,ok,
MLB5176123484,JOTABÊ AUTOPEÇAS,25,25,25,2000,ok,
MLB5175462112,JOTABÊ AUTOPEÇAS,15,15,15,600,ok,
MLB5175733982,JOTABÊ AUTOPEÇAS,30,40,50,5000,ok,
MLB5175451174,JOTABÊ AUTOPEÇAS,25,25,25,2000,ok,
MLB5177850492,JOTABÊ AUTOPEÇAS,25,25,25,2000,ok,
MLB5177907334,JOTABÊ AUTOPEÇAS,25,25,25,2000,ok,
MLB5175472190,JOTABÊ AUTOPEÇAS,30,40,50,5000,ok,
MLB5177824138,JOTABÊ AUTOPEÇAS,25,25,25,2000,ok,
MLB5175435666,JOTABÊ AUTOPEÇAS,15,15,15,600,ok,
MLB5175510772,JOTABÊ AUTOPEÇAS,25,25,25,2000,ok,
MLB5175354328,JOTABÊ AUTOPEÇAS,15,15,15,600,ok,
MLB5175306638,JOTABÊ AUTOPEÇAS,15,15,15,600,ok,
MLB5175290590,JOTABÊ AUTOPEÇAS,25,25,25,2000,ok,
MLB3906512939,JOTABÊ AUTOPEÇAS,30,40,50,5000,ok,
MLB3906538349,JOTABÊ AUTOPEÇAS,25,25,25,2000,ok,
MLB5175363516,JOTABÊ AUTOPEÇAS,25,25,25,2000,ok,
MLB3906682003,JOTABÊ AUTOPEÇAS,30,40,50,5000,ok,
MLB5177815462,JOTABÊ AUTOPEÇAS,25,25,25,2000,ok,
MLB3908208795,JOTABÊ AUTOPEÇAS,25,25,25,2000,ok,
MLB3908315653,JOTABÊ AUTOPEÇAS,15,15,15,600,ok,
MLB5177406934,JOTABÊ AUTOPEÇAS,10,10,50,800,ok,
MLB5177413680,JOTABÊ AUTOPEÇAS,25,25,25,2000,ok,
MLB5177408358,JOTABÊ AUTOPEÇAS,15,15,15,600,ok,
MLB5177143314,JOTABÊ AUTOPEÇAS,15,15,15,600,ok,
MLB5177409080,JOTABÊ AUTOPEÇAS,15,15,15,600,ok,
MLB5177083054,JOTABÊ AUTOPEÇAS,10,10,10,300,ok,
MLB5177632702,JOTABÊ AUTOPEÇAS,25,25,25,2000,ok,
MLB5177382642,JOTABÊ AUTOPEÇAS,10,10,10,300,ok,
MLB5182906762,JOTABÊ AUTOPEÇAS,30,70,100,18000,ok,
MLB5182433606,JOTABÊ AUTOPEÇAS,10,10,50,800,error,Erro ao atualizar item: Validation error (item.attribute.invalid.seller.package.dimensions: The packaging attributes [seller_package_length; seller_package_weight] are too small for the product dimensions)
MLB3911634097,JOTABÊ AUTOPEÇAS,10,10,50,800,ok,
MLB3911808139,JOTABÊ AUTOPEÇAS,10,10,10,300,ok,
MLB3911439169,JOTABÊ AUTOPEÇAS,30,70,100,18000,ok,
MLB5182369734,JOTABÊ AUTOPEÇAS,10,10,50,800,error,Erro ao atualizar item: Validation error (item.attribute.invalid.seller.package.dimensions: The packaging attributes [seller_package_height; seller_package_length; seller_package_weight] are too small for the product dimensions)
MLB3911554451,JOTABÊ AUTOPEÇAS,10,10,50,800,ok,
MLB3911682869,JOTABÊ AUTOPEÇAS,15,40,40,2000,ok,
MLB5182966398,JOTABÊ AUTOPEÇAS,30,40,50,5000,ok,
MLB3911369953,JOTABÊ AUTOPEÇAS,10,10,50,800,ok,
MLB3911379009,JOTABÊ AUTOPEÇAS,30,70,100,18000,ok,
MLB3911505555,JOTABÊ AUTOPEÇAS,15,40,40,2000,ok,
MLB5188507618,JOTABÊ AUTOPEÇAS,30,50,80,12000,ok,
MLB5189423284,JOTABÊ AUTOPEÇAS,30,50,80,12000,ok,
MLB3913101867,JOTABÊ AUTOPEÇAS,10,10,50,800,ok,
MLB5187160052,JOTABÊ AUTOPEÇAS,15,40,40,2000,ok,
MLB5188985282,JOTABÊ AUTOPEÇAS,15,15,15,600,ok,
MLB3913439035,JOTABÊ AUTOPEÇAS,15,15,15,600,ok,
MLB3911291477,JOTABÊ AUTOPEÇAS,15,15,15,600,ok,
MLB5189133184,JOTABÊ AUTOPEÇAS,15,15,15,600,error,Erro ao atualizar item: Validation error (item.attribute.invalid.seller.package.dimensions: The packaging attributes [seller_package_width; seller_package_height; seller_package_weight] are too small for the product dimensions)
MLB5186375218,JOTABÊ AUTOPEÇAS,10,10,50,800,ok,
MLB5189299216,JOTABÊ AUTOPEÇAS,25,25,25,2000,error,Erro ao atualizar item: Validation error (item.attribute.invalid.seller.package.dimensions: The packaging attributes [seller_package_length; seller_package_width; seller_package_height] are too small for the product dimensions)
MLB3913125743,JOTABÊ AUTOPEÇAS,30,50,80,12000,ok,
MLB5187080608,JOTABÊ AUTOPEÇAS,10,10,50,800,ok,
MLB3913426839,JOTABÊ AUTOPEÇAS,15,40,40,2000,ok,
MLB3911330159,JOTABÊ AUTOPEÇAS,15,40,40,2000,ok,
MLB3908070495,JOTABÊ AUTOPEÇAS,25,25,25,2000,ok,
MLB3907601305,JOTABÊ AUTOPEÇAS,10,10,50,800,ok,
MLB3908195755,JOTABÊ AUTOPEÇAS,10,10,50,800,ok,
MLB5183582388,JOTABÊ AUTOPEÇAS,25,25,25,2000,ok,
MLB3908084711,JOTABÊ AUTOPEÇAS,15,15,15,600,ok,
MLB3907622231,JOTABÊ AUTOPEÇAS,15,15,15,600,ok,
MLB5183579788,JOTABÊ AUTOPEÇAS,15,15,15,600,ok,
MLB3914436749,JOTABÊ AUTOPEÇAS,15,15,15,600,ok,
MLB5183525936,JOTABÊ AUTOPEÇAS,10,10,50,800,ok,
MLB3914032611,JOTABÊ AUTOPEÇAS,30,40,50,5000,ok,
MLB5192895182,JOTABÊ AUTOPEÇAS,15,15,15,600,ok,
MLB3916650815,JOTABÊ AUTOPEÇAS,15,15,15,600,ok,
MLB5192392208,JOTABÊ AUTOPEÇAS,30,50,80,12000,ok,
MLB5192876216,JOTABÊ AUTOPEÇAS,15,15,15,600,ok,
MLB5188484324,JOTABÊ AUTOPEÇAS,15,15,15,600,ok,
MLB5198139148,JOTABÊ AUTOPEÇAS,10,10,50,800,ok,
MLB3918371157,JOTABÊ AUTOPEÇAS,15,15,15,600,ok,
MLB5198253406,JOTABÊ AUTOPEÇAS,30,50,80,12000,ok,
MLB5197826272,JOTABÊ AUTOPEÇAS,15,15,15,600,ok,
MLB3918345199,JOTABÊ AUTOPEÇAS,15,15,15,600,ok,
MLB3918326185,JOTABÊ AUTOPEÇAS,15,40,40,2000,ok,
MLB5198379052,JOTABÊ AUTOPEÇAS,15,15,15,600,ok,
MLB5198297144,JOTABÊ AUTOPEÇAS,30,40,50,5000,ok,
MLB3918571523,JOTABÊ AUTOPEÇAS,30,70,100,18000,ok,
MLB3916402627,JOTABÊ AUTOPEÇAS,15,15,15,600,ok,
MLB5196166904,JOTABÊ AUTOPEÇAS,25,25,25,2000,ok,
MLB5196586300,JOTABÊ AUTOPEÇAS,30,50,80,12000,ok,
MLB5196544262,JOTABÊ AUTOPEÇAS,15,40,40,2000,ok,
MLB3916466311,JOTABÊ AUTOPEÇAS,25,25,25,2000,ok,
MLB5196195788,JOTABÊ AUTOPEÇAS,30,70,100,18000,ok,
MLB5196512386,JOTABÊ AUTOPEÇAS,15,15,15,600,ok,
MLB3919887869,JOTABÊ AUTOPEÇAS,30,50,80,12000,ok,
MLB5200141294,JOTABÊ AUTOPEÇAS,10,10,50,800,ok,
MLB5199597824,JOTABÊ AUTOPEÇAS,15,40,40,2000,ok,
MLB3921013713,JOTABÊ AUTOPEÇAS,30,40,50,5000,ok,
MLB3920710835,JOTABÊ AUTOPEÇAS,30,50,80,12000,ok,
MLB5199975250,JOTABÊ AUTOPEÇAS,15,40,40,2000,ok,
MLB3923230827,JOTABÊ AUTOPEÇAS,25,25,25,2000,ok,
MLB5202836960,JOTABÊ AUTOPEÇAS,30,50,80,12000,ok,
MLB5206825550,JOTABÊ AUTOPEÇAS,15,15,15,600,ok,
MLB3924771773,JOTABÊ AUTOPEÇAS,25,25,25,2000,ok,
MLB5206766358,JOTABÊ AUTOPEÇAS,25,25,25,2000,ok,
MLB3923040539,JOTABÊ AUTOPEÇAS,10,10,10,300,ok,
MLB3923024897,JOTABÊ AUTOPEÇAS,15,15,15,600,ok,
MLB5206964120,JOTABÊ AUTOPEÇAS,15,15,15,600,ok,
MLB3924232633,JOTABÊ AUTOPEÇAS,10,10,50,800,ok,
MLB3924230487,JOTABÊ AUTOPEÇAS,15,15,15,600,ok,
MLB3924101137,JOTABÊ AUTOPEÇAS,30,50,80,12000,ok,
MLB3926925829,JOTABÊ AUTOPEÇAS,10,10,50,800,ok,
MLB5211396024,JOTABÊ AUTOPEÇAS,25,25,25,2000,ok,
MLB3925750517,JOTABÊ AUTOPEÇAS,25,25,25,2000,ok,
MLB3929221289,JOTABÊ AUTOPEÇAS,10,10,10,300,ok,
MLB5214362892,JOTABÊ AUTOPEÇAS,10,10,10,300,ok,
MLB3929217829,JOTABÊ AUTOPEÇAS,10,10,10,300,error,Erro ao atualizar item: Validation error (item.attribute.invalid.seller.package.dimensions: The packaging attributes [seller_package_length; seller_package_width; seller_package_height; seller_package_weight] are too small for the product dimensions)
MLB3930279265,JOTABÊ AUTOPEÇAS,25,25,25,2000,error,Erro ao atualizar item: Validation error (item.attribute.invalid.seller.package.dimensions: The packaging attributes [seller_package_height; seller_package_weight] are too small for the product dimensions)
MLB5214359348,JOTABÊ AUTOPEÇAS,10,10,10,300,ok,
MLB5215760684,JOTABÊ AUTOPEÇAS,25,25,25,2000,ok,
MLB5215774304,JOTABÊ AUTOPEÇAS,25,25,25,2000,ok,
MLB5216338246,JOTABÊ AUTOPEÇAS,15,15,15,600,ok,
MLB5215822038,JOTABÊ AUTOPEÇAS,25,25,25,2000,ok,
MLB3929915857,JOTABÊ AUTOPEÇAS,25,25,25,2000,ok,
MLB5217269010,JOTABÊ AUTOPEÇAS,25,25,25,2000,ok,
MLB5217666918,JOTABÊ AUTOPEÇAS,25,25,25,2000,error,Erro ao atualizar item: Validation error (item.attribute.invalid.seller.package.dimensions: The packaging attributes [seller_package_height] are too small for the product dimensions)
MLB3929937667,JOTABÊ AUTOPEÇAS,25,25,25,2000,ok,
MLB5219242150,JOTABÊ AUTOPEÇAS,25,25,25,2000,ok,
MLB5218792290,JOTABÊ AUTOPEÇAS,25,25,25,2000,error,Erro ao atualizar item: Validation error (item.attribute.invalid.seller.package.dimensions: The packaging attributes [seller_package_height; seller_package_weight] are too small for the product dimensions)
MLB5218955964,JOTABÊ AUTOPEÇAS,25,25,25,2000,ok,
MLB5219316612,JOTABÊ AUTOPEÇAS,25,25,25,2000,ok,
MLB3930810167,JOTABÊ AUTOPEÇAS,25,25,25,2000,ok,
MLB5221757280,JOTABÊ AUTOPEÇAS,30,40,50,5000,ok,
MLB5223371656,JOTABÊ AUTOPEÇAS,25,25,25,2000,ok,
MLB5223841384,JOTABÊ AUTOPEÇAS,25,25,25,2000,ok,
MLB5223830630,JOTABÊ AUTOPEÇAS,25,25,25,2000,ok,
MLB5223782494,JOTABÊ AUTOPEÇAS,25,25,25,2000,ok,
MLB5223780654,JOTABÊ AUTOPEÇAS,15,15,15,600,ok,
MLB5223808042,JOTABÊ AUTOPEÇAS,25,25,25,2000,ok,
MLB3931852767,JOTABÊ AUTOPEÇAS,25,25,25,2000,error,Erro ao atualizar item: Validation error (item.attribute.invalid.seller.package.dimensions: The packaging attributes [seller_package_height; seller_package_weight] are too small for the product dimensions)
MLB5220920972,JOTABÊ AUTOPEÇAS,10,10,50,800,ok,
MLB3933101625,JOTABÊ AUTOPEÇAS,30,50,80,12000,error,Erro ao atualizar item: Validation error (item.attribute.invalid.seller.package.dimensions: The packaging attributes [seller_package_width] are too small for the product dimensions)
MLB3935803139,JOTABÊ AUTOPEÇAS,15,15,15,600,ok,
MLB5225695384,JOTABÊ AUTOPEÇAS,30,50,80,12000,ok,
MLB5225749358,JOTABÊ AUTOPEÇAS,30,50,80,12000,ok,
MLB3934893567,JOTABÊ AUTOPEÇAS,15,15,15,600,ok,
MLB3934586977,JOTABÊ AUTOPEÇAS,15,15,15,600,error,Erro ao atualizar item: Validation error (item.attribute.invalid.seller.package.dimensions: The packaging attributes [seller_package_height] are too small for the product dimensions)
MLB3934852051,JOTABÊ AUTOPEÇAS,25,25,25,2000,ok,
MLB5225851554,JOTABÊ AUTOPEÇAS,15,15,15,600,ok,
MLB3937212279,JOTABÊ AUTOPEÇAS,15,15,15,600,ok,
MLB5226336166,JOTABÊ AUTOPEÇAS,15,15,15,600,ok,
MLB3936449547,JOTABÊ AUTOPEÇAS,10,10,50,800,ok,
MLB5226347164,JOTABÊ AUTOPEÇAS,10,10,50,800,ok,
MLB5230755442,JOTABÊ AUTOPEÇAS,10,10,10,300,ok,
MLB5228914706,JOTABÊ AUTOPEÇAS,30,70,100,18000,ok,
MLB3936228593,JOTABÊ AUTOPEÇAS,30,50,80,12000,ok,
MLB3936301589,JOTABÊ AUTOPEÇAS,30,50,80,12000,ok,
MLB3936467777,JOTABÊ AUTOPEÇAS,10,10,50,800,ok,
MLB5233221304,JOTABÊ AUTOPEÇAS,15,15,15,600,ok,
MLB5230717678,JOTABÊ AUTOPEÇAS,15,15,15,600,ok,
MLB5230537374,JOTABÊ AUTOPEÇAS,30,50,80,12000,ok,
MLB5230396066,JOTABÊ AUTOPEÇAS,30,50,80,12000,ok,
MLB5233183868,JOTABÊ AUTOPEÇAS,30,50,80,12000,ok,
MLB5230475802,JOTABÊ AUTOPEÇAS,30,50,80,12000,ok,
MLB3939654363,JOTABÊ AUTOPEÇAS,30,50,80,12000,ok,
MLB5235402384,JOTABÊ AUTOPEÇAS,15,15,15,600,ok,
MLB3939597381,JOTABÊ AUTOPEÇAS,30,50,80,12000,ok,
MLB5235285044,JOTABÊ AUTOPEÇAS,15,15,15,600,ok,
MLB5235303450,JOTABÊ AUTOPEÇAS,30,50,80,12000,ok,
MLB5236087620,JOTABÊ AUTOPEÇAS,10,10,50,800,ok,
MLB5236057120,JOTABÊ AUTOPEÇAS,10,10,50,800,ok,
MLB5235152884,JOTABÊ AUTOPEÇAS,15,15,15,600,ok,
MLB5235110262,JOTABÊ AUTOPEÇAS,30,50,80,12000,ok,
MLB3941764127,JOTABÊ AUTOPEÇAS,30,50,80,12000,ok,
MLB5237651180,JOTABÊ AUTOPEÇAS,15,15,15,600,ok,
MLB5237250648,JOTABÊ AUTOPEÇAS,15,40,40,2000,ok,
MLB3941117179,JOTABÊ AUTOPEÇAS,30,50,80,12000,ok,
MLB5237630862,JOTABÊ AUTOPEÇAS,15,15,15,600,ok,
MLB5237398526,JOTABÊ AUTOPEÇAS,15,15,15,600,ok,
MLB3941253191,JOTABÊ AUTOPEÇAS,30,50,80,12000,ok,
MLB5237593328,JOTABÊ AUTOPEÇAS,10,10,10,300,ok,
MLB3942326399,JOTABÊ AUTOPEÇAS,15,15,15,600,ok,
MLB5238730168,JOTABÊ AUTOPEÇAS,15,15,15,600,ok,
MLB5240376098,JOTABÊ AUTOPEÇAS,15,15,15,600,ok,
MLB5240175886,JOTABÊ AUTOPEÇAS,25,25,25,2000,ok,
MLB3942363315,JOTABÊ AUTOPEÇAS,15,15,15,600,ok,
MLB5238706054,JOTABÊ AUTOPEÇAS,15,15,15,600,ok,
MLB5238730974,JOTABÊ AUTOPEÇAS,15,15,15,600,ok,
MLB3941743085,JOTABÊ AUTOPEÇAS,30,40,50,5000,ok,
MLB3944722467,JOTABÊ AUTOPEÇAS,30,50,80,12000,ok,
MLB5242057340,JOTABÊ AUTOPEÇAS,15,15,15,600,ok,
MLB3944723649,JOTABÊ AUTOPEÇAS,25,25,25,2000,ok,
MLB5242042568,JOTABÊ AUTOPEÇAS,15,15,15,600,ok,
MLB5242298242,JOTABÊ AUTOPEÇAS,25,25,25,2000,ok,
MLB3944727757,JOTABÊ AUTOPEÇAS,30,50,80,12000,ok,
MLB5241977548,JOTABÊ AUTOPEÇAS,15,15,15,600,ok,
MLB3944698111,JOTABÊ AUTOPEÇAS,30,40,50,5000,ok,
MLB5242303802,JOTABÊ AUTOPEÇAS,15,15,15,600,ok,
MLB3944648369,JOTABÊ AUTOPEÇAS,25,25,25,2000,ok,
MLB3944794183,JOTABÊ AUTOPEÇAS,30,40,50,5000,ok,
MLB5242720698,JOTABÊ AUTOPEÇAS,10,10,10,300,ok,
MLB5242690346,JOTABÊ AUTOPEÇAS,30,40,50,5000,ok,
MLB5240162336,JOTABÊ AUTOPEÇAS,25,25,25,2000,ok,
MLB5242636578,JOTABÊ AUTOPEÇAS,30,40,50,5000,ok,
MLB5242675600,JOTABÊ AUTOPEÇAS,30,40,50,5000,ok,
MLB5242650556,JOTABÊ AUTOPEÇAS,10,10,10,300,ok,
MLB5242599344,JOTABÊ AUTOPEÇAS,30,40,50,5000,ok,
MLB5242646254,JOTABÊ AUTOPEÇAS,15,15,15,600,ok,
MLB5242643790,JOTABÊ AUTOPEÇAS,10,10,50,800,ok,
MLB3943253475,JOTABÊ AUTOPEÇAS,25,25,25,2000,ok,
MLB3943351289,JOTABÊ AUTOPEÇAS,25,25,25,2000,ok,
MLB5242752378,JOTABÊ AUTOPEÇAS,30,50,80,12000,ok,
MLB5243514954,JOTABÊ AUTOPEÇAS,30,40,50,5000,ok,
MLB5243781244,JOTABÊ AUTOPEÇAS,30,40,50,5000,ok,
MLB5243848512,JOTABÊ AUTOPEÇAS,30,40,50,5000,ok,
MLB5244100374,JOTABÊ AUTOPEÇAS,25,25,25,2000,ok,
MLB3944603269,JOTABÊ AUTOPEÇAS,25,25,25,2000,ok,
MLB3944421063,JOTABÊ AUTOPEÇAS,15,15,15,600,ok,
MLB3944495751,JOTABÊ AUTOPEÇAS,10,10,10,300,ok,
MLB5243820604,JOTABÊ AUTOPEÇAS,30,40,50,5000,ok,
MLB5244088356,JOTABÊ AUTOPEÇAS,15,15,15,600,ok,
MLB3945269925,JOTABÊ AUTOPEÇAS,15,15,15,600,ok,
MLB3945230507,JOTABÊ AUTOPEÇAS,30,40,50,5000,ok,
MLB5243452422,JOTABÊ AUTOPEÇAS,30,40,50,5000,ok,
MLB3945223255,JOTABÊ AUTOPEÇAS,30,50,80,12000,ok,
MLB3945263333,JOTABÊ AUTOPEÇAS,30,50,80,12000,ok,
MLB3945260451,JOTABÊ AUTOPEÇAS,30,40,50,5000,ok,
MLB3945325005,JOTABÊ AUTOPEÇAS,30,40,50,5000,ok,
MLB3945292809,JOTABÊ AUTOPEÇAS,30,40,50,5000,ok,
MLB3945322435,JOTABÊ AUTOPEÇAS,30,40,50,5000,ok,
MLB3945284277,JOTABÊ AUTOPEÇAS,30,40,50,5000,ok,
MLB3945439351,JOTABÊ AUTOPEÇAS,15,15,15,600,ok,
MLB3945235507,JOTABÊ AUTOPEÇAS,30,50,80,12000,ok,
MLB5246364984,JOTABÊ AUTOPEÇAS,15,15,15,600,ok,
MLB5246052500,JOTABÊ AUTOPEÇAS,15,15,15,600,ok,
MLB3945630611,JOTABÊ AUTOPEÇAS,30,50,80,12000,ok,
MLB3945629597,JOTABÊ AUTOPEÇAS,30,50,80,12000,ok,
MLB5246047802,JOTABÊ AUTOPEÇAS,15,40,40,2000,ok,
MLB3945720869,JOTABÊ AUTOPEÇAS,30,50,80,12000,ok,
MLB3945097201,JOTABÊ AUTOPEÇAS,30,40,50,5000,ok,
MLB3947455039,JOTABÊ AUTOPEÇAS,15,15,15,600,ok,
MLB5247500752,JOTABÊ AUTOPEÇAS,15,15,15,600,ok,
MLB5247461748,JOTABÊ AUTOPEÇAS,10,10,50,800,ok,
MLB3948156465,JOTABÊ AUTOPEÇAS,30,40,50,5000,ok,
MLB3946489281,JOTABÊ AUTOPEÇAS,15,15,15,600,ok,
MLB3948172413,JOTABÊ AUTOPEÇAS,15,15,15,600,ok,
MLB3947395971,JOTABÊ AUTOPEÇAS,15,15,15,600,ok,
MLB3947400523,JOTABÊ AUTOPEÇAS,15,15,15,600,ok,
MLB5247585616,JOTABÊ AUTOPEÇAS,15,15,15,600,ok,
MLB3946425289,JOTABÊ AUTOPEÇAS,15,15,15,600,ok,
MLB5246017460,JOTABÊ AUTOPEÇAS,15,15,15,600,ok,
MLB3946581917,JOTABÊ AUTOPEÇAS,10,10,50,800,ok,
MLB5245999584,JOTABÊ AUTOPEÇAS,15,15,15,600,ok,
MLB3946514489,JOTABÊ AUTOPEÇAS,15,15,15,600,ok,
MLB3946746911,JOTABÊ AUTOPEÇAS,15,15,15,600,ok,
MLB3946560915,JOTABÊ AUTOPEÇAS,15,15,15,600,ok,
MLB5245964424,JOTABÊ AUTOPEÇAS,15,15,15,600,ok,
MLB3946515237,JOTABÊ AUTOPEÇAS,15,15,15,600,ok,
MLB3946689895,JOTABÊ AUTOPEÇAS,15,15,15,600,ok,
MLB5252621222,JOTABÊ AUTOPEÇAS,15,15,15,600,ok,
MLB5252445564,JOTABÊ AUTOPEÇAS,25,25,25,2000,ok,
MLB3949754425,JOTABÊ AUTOPEÇAS,15,15,15,600,ok,
MLB5250853446,JOTABÊ AUTOPEÇAS,30,40,50,5000,ok,
MLB5252432180,JOTABÊ AUTOPEÇAS,15,15,15,600,ok,
MLB3948119869,JOTABÊ AUTOPEÇAS,15,15,15,600,ok,
MLB3948950769,JOTABÊ AUTOPEÇAS,15,15,15,600,ok,
MLB5253187160,JOTABÊ AUTOPEÇAS,10,10,50,800,ok,
MLB3949673473,JOTABÊ AUTOPEÇAS,15,15,15,600,ok,
MLB3949594269,JOTABÊ AUTOPEÇAS,30,50,80,12000,ok,
MLB5253200934,JOTABÊ AUTOPEÇAS,15,15,15,600,ok,
MLB3949575951,JOTABÊ AUTOPEÇAS,20,20,25,600,error,Erro ao atualizar item: Validation error (item.attribute.invalid.seller.package.dimensions: The packaging attributes [seller_package_height; seller_package_length; seller_package_weight] are too small for the product dimensions)
MLB3949689255,JOTABÊ AUTOPEÇAS,10,10,50,800,ok,
MLB3949648523,JOTABÊ AUTOPEÇAS,15,15,15,600,ok,
MLB3949645557,JOTABÊ AUTOPEÇAS,15,15,15,600,ok,
MLB3949603681,JOTABÊ AUTOPEÇAS,15,15,15,600,ok,
MLB5253193596,JOTABÊ AUTOPEÇAS,15,40,40,2000,ok,
MLB5253219094,JOTABÊ AUTOPEÇAS,15,40,40,2000,ok,
MLB5256434748,JOTABÊ AUTOPEÇAS,10,10,50,800,ok,
MLB5256401514,JOTABÊ AUTOPEÇAS,15,40,40,2000,ok,
MLB5255488356,JOTABÊ AUTOPEÇAS,15,15,15,600,error,Erro ao atualizar item: Validation error (item.attribute.invalid.seller.package.dimensions: The packaging attributes [seller_package_length; seller_package_width; seller_package_height; seller_package_weight] are too small for the product dimensions)
MLB5255444128,JOTABÊ AUTOPEÇAS,30,40,50,5000,ok,
MLB5254663994,JOTABÊ AUTOPEÇAS,10,10,50,800,ok,
MLB5257529604,JOTABÊ AUTOPEÇAS,15,15,15,600,ok,
MLB5254605934,JOTABÊ AUTOPEÇAS,15,15,15,600,ok,
MLB5255506018,JOTABÊ AUTOPEÇAS,30,70,100,18000,ok,
MLB5253149232,JOTABÊ AUTOPEÇAS,10,10,50,800,ok,
MLB5253012022,JOTABÊ AUTOPEÇAS,30,40,50,5000,ok,
MLB5255593126,JOTABÊ AUTOPEÇAS,10,10,50,800,ok,
MLB3951800101,JOTABÊ AUTOPEÇAS,10,10,50,800,ok,
MLB5253103964,JOTABÊ AUTOPEÇAS,30,50,80,12000,ok,
MLB5258519038,JOTABÊ AUTOPEÇAS,15,15,15,600,error,Erro ao atualizar item: Validation error (item.attribute.invalid.seller.package.dimensions: The packaging attributes [seller_package_length; seller_package_width; seller_package_height; seller_package_weight] are too small for the product dimensions)
MLB3951852647,JOTABÊ AUTOPEÇAS,10,10,50,800,ok,
MLB3951876125,JOTABÊ AUTOPEÇAS,30,70,100,18000,ok,
MLB5258502244,JOTABÊ AUTOPEÇAS,10,10,50,800,ok,
MLB5258102724,JOTABÊ AUTOPEÇAS,15,15,15,600,ok,
MLB3952648167,JOTABÊ AUTOPEÇAS,30,50,80,12000,ok,
MLB5258132882,JOTABÊ AUTOPEÇAS,15,15,15,600,ok,
MLB3952661941,JOTABÊ AUTOPEÇAS,30,50,80,12000,ok,
MLB5258456398,JOTABÊ AUTOPEÇAS,10,10,50,800,ok,
MLB5258358862,JOTABÊ AUTOPEÇAS,10,10,50,800,ok,
MLB3952658693,JOTABÊ AUTOPEÇAS,15,15,15,600,ok,
MLB3952669817,JOTABÊ AUTOPEÇAS,15,15,15,600,ok,
MLB5259322242,JOTABÊ AUTOPEÇAS,15,40,40,2000,ok,
MLB5259431002,JOTABÊ AUTOPEÇAS,10,10,50,800,ok,
MLB3952631337,JOTABÊ AUTOPEÇAS,15,15,15,600,ok,
MLB3952526609,JOTABÊ AUTOPEÇAS,15,15,15,600,ok,
MLB3953794733,JOTABÊ AUTOPEÇAS,30,70,100,18000,ok,
MLB5259265210,JOTABÊ AUTOPEÇAS,15,40,40,2000,ok,
MLB5261499220,JOTABÊ AUTOPEÇAS,30,70,100,18000,ok,
MLB5261480636,JOTABÊ AUTOPEÇAS,15,15,15,600,ok,
MLB5261420194,JOTABÊ AUTOPEÇAS,30,50,80,12000,ok,
MLB3954771441,JOTABÊ AUTOPEÇAS,30,50,80,12000,ok,
MLB3954547859,JOTABÊ AUTOPEÇAS,25,25,25,2000,ok,
MLB3954757285,JOTABÊ AUTOPEÇAS,30,50,80,12000,ok,
MLB3954694171,JOTABÊ AUTOPEÇAS,10,10,50,800,ok,
MLB3954462519,JOTABÊ AUTOPEÇAS,15,15,15,600,ok,
MLB5263409488,JOTABÊ AUTOPEÇAS,10,10,50,800,ok,
MLB5263633132,JOTABÊ AUTOPEÇAS,15,15,15,600,ok,
MLB3956309071,JOTABÊ AUTOPEÇAS,15,15,15,600,ok,
MLB3955159195,JOTABÊ AUTOPEÇAS,10,10,50,800,ok,
MLB3954429947,JOTABÊ AUTOPEÇAS,10,10,10,300,ok,
MLB3956223173,JOTABÊ AUTOPEÇAS,15,15,15,600,ok,
MLB3956834885,JOTABÊ AUTOPEÇAS,15,15,15,600,ok,
MLB3956765985,JOTABÊ AUTOPEÇAS,10,10,50,800,ok,
MLB3956705783,JOTABÊ AUTOPEÇAS,15,15,15,600,ok,
MLB5265395684,JOTABÊ AUTOPEÇAS,30,70,100,18000,ok,
MLB5265494820,JOTABÊ AUTOPEÇAS,15,15,15,600,ok,
MLB3957943719,JOTABÊ AUTOPEÇAS,15,15,15,600,ok,
MLB3957916925,JOTABÊ AUTOPEÇAS,15,15,15,600,ok,
MLB3957612549,JOTABÊ AUTOPEÇAS,30,40,50,5000,ok,
MLB3958890915,JOTABÊ AUTOPEÇAS,30,50,80,12000,ok,
MLB3957593037,JOTABÊ AUTOPEÇAS,15,15,15,600,ok,
MLB3958562757,JOTABÊ AUTOPEÇAS,15,15,15,600,ok,
MLB3958750833,JOTABÊ AUTOPEÇAS,15,15,15,600,ok,
MLB3959928719,JOTABÊ AUTOPEÇAS,15,15,15,600,ok,
MLB5269979946,JOTABÊ AUTOPEÇAS,25,25,25,2000,ok,
MLB3958714679,JOTABÊ AUTOPEÇAS,30,70,100,18000,ok,
MLB3959888691,JOTABÊ AUTOPEÇAS,15,15,15,600,ok,
MLB5269841294,JOTABÊ AUTOPEÇAS,25,25,25,2000,ok,
MLB5269903768,JOTABÊ AUTOPEÇAS,25,25,25,2000,ok,
MLB5269775572,JOTABÊ AUTOPEÇAS,25,25,25,2000,ok,
MLB5269850224,JOTABÊ AUTOPEÇAS,15,15,15,600,ok,
MLB5269784068,JOTABÊ AUTOPEÇAS,10,10,50,800,ok,
MLB5269841768,JOTABÊ AUTOPEÇAS,25,25,25,2000,ok,
MLB5269941362,JOTABÊ AUTOPEÇAS,25,25,25,2000,ok,
MLB3961831465,JOTABÊ AUTOPEÇAS,15,15,15,600,ok,
MLB5271032554,JOTABÊ AUTOPEÇAS,30,40,50,5000,ok,
MLB5273069878,JOTABÊ AUTOPEÇAS,10,10,10,300,ok,
MLB3963274313,JOTABÊ AUTOPEÇAS,10,10,10,300,ok,
MLB5273073976,JOTABÊ AUTOPEÇAS,10,10,10,300,ok,
MLB3963179843,JOTABÊ AUTOPEÇAS,15,15,15,600,ok,
MLB5272049862,JOTABÊ AUTOPEÇAS,30,70,100,18000,ok,
MLB3961791261,JOTABÊ AUTOPEÇAS,10,10,50,800,ok,
MLB5271134996,JOTABÊ AUTOPEÇAS,15,15,15,600,ok,
MLB3961496873,JOTABÊ AUTOPEÇAS,25,25,25,2000,ok,
MLB3961481291,JOTABÊ AUTOPEÇAS,25,25,25,2000,ok,
MLB3961546307,JOTABÊ AUTOPEÇAS,25,25,25,2000,ok,
MLB3961480411,JOTABÊ AUTOPEÇAS,15,15,15,600,ok,
MLB5271196332,JOTABÊ AUTOPEÇAS,30,70,100,18000,ok,
MLB3961484767,JOTABÊ AUTOPEÇAS,25,25,25,2000,ok,
MLB3961487555,JOTABÊ AUTOPEÇAS,25,25,25,2000,ok,
MLB3961496321,JOTABÊ AUTOPEÇAS,25,25,25,2000,ok,
MLB5273005488,JOTABÊ AUTOPEÇAS,15,15,15,600,ok,
MLB5273021286,JOTABÊ AUTOPEÇAS,10,10,50,800,ok,
MLB5273041592,JOTABÊ AUTOPEÇAS,15,15,15,600,ok,
MLB5272775396,JOTABÊ AUTOPEÇAS,15,15,15,600,ok,
MLB5272773866,JOTABÊ AUTOPEÇAS,15,15,15,600,ok,
MLB3964288063,JOTABÊ AUTOPEÇAS,15,15,15,600,ok,
MLB5272706656,JOTABÊ AUTOPEÇAS,15,15,15,600,ok,
MLB5273067324,JOTABÊ AUTOPEÇAS,15,15,15,600,ok,
MLB3964126543,JOTABÊ AUTOPEÇAS,15,15,15,600,ok,
MLB3964244849,JOTABÊ AUTOPEÇAS,15,15,15,600,ok,
MLB3963750221,JOTABÊ AUTOPEÇAS,25,25,25,2000,ok,
MLB3964262397,JOTABÊ AUTOPEÇAS,25,25,25,2000,ok,
MLB5273991000,JOTABÊ AUTOPEÇAS,10,10,10,300,ok,
MLB5274016450,JOTABÊ AUTOPEÇAS,15,15,15,600,ok,
MLB3963838763,JOTABÊ AUTOPEÇAS,15,15,15,600,ok,
MLB3964157495,JOTABÊ AUTOPEÇAS,15,15,15,600,ok,
MLB5273918982,JOTABÊ AUTOPEÇAS,15,15,15,600,ok,
MLB3964751381,JOTABÊ AUTOPEÇAS,30,50,80,12000,ok,
MLB5273620670,JOTABÊ AUTOPEÇAS,10,10,10,300,ok,
MLB5273555932,JOTABÊ AUTOPEÇAS,10,10,10,300,ok,
MLB5273535230,JOTABÊ AUTOPEÇAS,15,15,15,600,ok,
MLB3964926577,JOTABÊ AUTOPEÇAS,10,10,10,300,ok,
MLB3965015569,JOTABÊ AUTOPEÇAS,15,15,15,600,ok,
MLB3964888149,JOTABÊ AUTOPEÇAS,10,10,10,300,ok,
MLB3964983571,JOTABÊ AUTOPEÇAS,30,50,80,12000,ok,
MLB5273816170,JOTABÊ AUTOPEÇAS,15,15,15,600,ok,
MLB5273738710,JOTABÊ AUTOPEÇAS,10,10,10,300,ok,
MLB3964643773,JOTABÊ AUTOPEÇAS,15,15,15,600,ok,
MLB3964645241,JOTABÊ AUTOPEÇAS,10,10,10,300,ok,
MLB3964671691,JOTABÊ AUTOPEÇAS,10,10,10,300,ok,
MLB3964737537,JOTABÊ AUTOPEÇAS,30,50,80,12000,ok,
MLB5274368976,JOTABÊ AUTOPEÇAS,15,15,15,600,ok,
MLB3964561991,JOTABÊ AUTOPEÇAS,10,10,10,300,ok,
MLB3964646697,JOTABÊ AUTOPEÇAS,25,25,25,2000,ok,
MLB3964611201,JOTABÊ AUTOPEÇAS,10,10,10,300,ok,
MLB5274413134,JOTABÊ AUTOPEÇAS,30,50,80,12000,ok,
MLB5274447942,JOTABÊ AUTOPEÇAS,15,15,15,600,ok,
MLB3964665761,JOTABÊ AUTOPEÇAS,10,10,10,300,ok,
MLB3964566617,JOTABÊ AUTOPEÇAS,15,15,15,600,ok,
MLB3964587993,JOTABÊ AUTOPEÇAS,10,10,10,300,ok,
MLB3964627215,JOTABÊ AUTOPEÇAS,10,10,10,300,ok,
MLB5275671376,JOTABÊ AUTOPEÇAS,15,15,15,600,ok,
MLB3965340605,JOTABÊ AUTOPEÇAS,15,15,15,600,ok,
MLB5275670894,JOTABÊ AUTOPEÇAS,15,15,15,600,ok,
MLB3966491907,JOTABÊ AUTOPEÇAS,15,15,15,600,ok,
MLB3966502015,JOTABÊ AUTOPEÇAS,15,15,15,600,ok,
MLB3966518035,JOTABÊ AUTOPEÇAS,15,15,15,600,ok,
MLB3965366797,JOTABÊ AUTOPEÇAS,15,15,15,600,ok,
MLB5275660522,JOTABÊ AUTOPEÇAS,15,15,15,600,ok,
MLB3966509779,JOTABÊ AUTOPEÇAS,15,15,15,600,ok,
MLB3965419349,JOTABÊ AUTOPEÇAS,25,25,25,2000,ok,
MLB5276756290,JOTABÊ AUTOPEÇAS,15,15,15,600,ok,
MLB5276672676,JOTABÊ AUTOPEÇAS,15,15,15,600,ok,
MLB5276719338,JOTABÊ AUTOPEÇAS,15,15,15,600,ok,
MLB3966439661,JOTABÊ AUTOPEÇAS,15,15,15,600,ok,
MLB3966378845,JOTABÊ AUTOPEÇAS,15,15,15,600,ok,
MLB5276680822,JOTABÊ AUTOPEÇAS,25,25,25,2000,ok,
MLB5276674306,JOTABÊ AUTOPEÇAS,25,25,25,2000,ok,
MLB3966406643,JOTABÊ AUTOPEÇAS,15,15,15,600,ok,
MLB3966425833,JOTABÊ AUTOPEÇAS,15,15,15,600,ok,
MLB5276767382,JOTABÊ AUTOPEÇAS,15,15,15,600,ok,
MLB5277729944,JOTABÊ AUTOPEÇAS,15,15,15,600,ok,
MLB5277386236,JOTABÊ AUTOPEÇAS,15,15,15,600,ok,
MLB5277446846,JOTABÊ AUTOPEÇAS,10,10,50,800,ok,
MLB5277612018,JOTABÊ AUTOPEÇAS,15,15,15,600,ok,
MLB5277756744,JOTABÊ AUTOPEÇAS,15,15,15,600,error,Erro ao atualizar item: Validation error (item.attribute.invalid.seller.package.dimensions: The packaging attributes [seller_package_weight] are too small for the product dimensions)
MLB5277593822,JOTABÊ AUTOPEÇAS,15,40,40,2000,ok,
MLB5277663264,JOTABÊ AUTOPEÇAS,10,10,10,300,ok,
MLB5277671224,JOTABÊ AUTOPEÇAS,30,50,80,12000,ok,
MLB5277689340,JOTABÊ AUTOPEÇAS,25,25,25,2000,ok,
MLB5277434858,JOTABÊ AUTOPEÇAS,15,15,15,600,ok,
MLB5277660160,JOTABÊ AUTOPEÇAS,10,10,10,300,ok,
MLB5276433794,JOTABÊ AUTOPEÇAS,15,15,15,600,ok,
MLB5276628038,JOTABÊ AUTOPEÇAS,15,40,40,2000,ok,
MLB5276458772,JOTABÊ AUTOPEÇAS,15,15,15,600,ok,
MLB5276544480,JOTABÊ AUTOPEÇAS,15,15,15,600,ok,
MLB5276498144,JOTABÊ AUTOPEÇAS,15,15,15,600,ok,
MLB5276517148,JOTABÊ AUTOPEÇAS,15,15,15,600,ok,
MLB5277345216,JOTABÊ AUTOPEÇAS,25,25,25,2000,ok,
MLB3967856259,JOTABÊ AUTOPEÇAS,25,25,25,2000,ok,
MLB3967708365,JOTABÊ AUTOPEÇAS,30,50,80,12000,ok,
MLB3967736477,JOTABÊ AUTOPEÇAS,25,25,25,2000,ok,
MLB5277376158,JOTABÊ AUTOPEÇAS,15,15,15,600,ok,
MLB5277362690,JOTABÊ AUTOPEÇAS,15,15,15,600,ok,
MLB5277379612,JOTABÊ AUTOPEÇAS,10,10,50,800,ok,
MLB3967797923,JOTABÊ AUTOPEÇAS,25,25,25,2000,error,Erro ao atualizar item: Validation error (item.attribute.invalid.seller.package.dimensions: The packaging attributes [seller_package_width; seller_package_height] are too small for the product dimensions)
MLB3967869091,JOTABÊ AUTOPEÇAS,15,15,15,600,ok,
MLB3967890751,JOTABÊ AUTOPEÇAS,15,15,15,600,ok,
MLB3968071719,JOTABÊ AUTOPEÇAS,30,50,80,12000,ok,
MLB3967677609,JOTABÊ AUTOPEÇAS,10,10,50,800,ok,
MLB3968914215,JOTABÊ AUTOPEÇAS,15,15,15,600,ok,
MLB5278678114,JOTABÊ AUTOPEÇAS,10,10,50,800,ok,
MLB3968898783,JOTABÊ AUTOPEÇAS,10,10,10,300,ok,
MLB3968690271,JOTABÊ AUTOPEÇAS,15,15,15,600,ok,
MLB3968686191,JOTABÊ AUTOPEÇAS,15,15,15,600,ok,
MLB3967662507,JOTABÊ AUTOPEÇAS,15,15,15,600,ok,
MLB3967628407,JOTABÊ AUTOPEÇAS,15,15,15,600,ok,
MLB5279821008,JOTABÊ AUTOPEÇAS,25,25,25,2000,ok,
MLB3967091233,JOTABÊ AUTOPEÇAS,25,25,25,2000,ok,
MLB3967089353,JOTABÊ AUTOPEÇAS,15,15,15,600,ok,
MLB3966889733,JOTABÊ AUTOPEÇAS,15,40,40,2000,ok,
MLB3967255363,JOTABÊ AUTOPEÇAS,30,50,80,12000,ok,
MLB3967085181,JOTABÊ AUTOPEÇAS,15,15,15,600,ok,
MLB3967181947,JOTABÊ AUTOPEÇAS,30,50,80,12000,ok,
MLB3967203903,JOTABÊ AUTOPEÇAS,25,25,25,2000,ok,
MLB3967123419,JOTABÊ AUTOPEÇAS,15,15,15,600,ok,
MLB3967110365,JOTABÊ AUTOPEÇAS,25,25,25,2000,ok,
MLB3967058727,JOTABÊ AUTOPEÇAS,15,15,15,600,ok,
MLB3969683427,JOTABÊ AUTOPEÇAS,30,50,80,12000,ok,
MLB5282531052,JOTABÊ AUTOPEÇAS,30,40,50,5000,ok,
MLB3969770265,JOTABÊ AUTOPEÇAS,15,15,15,600,ok,
MLB5282459668,JOTABÊ AUTOPEÇAS,15,15,15,600,ok,
MLB3969631787,JOTABÊ AUTOPEÇAS,15,15,15,600,ok,
MLB3972345537,JOTABÊ AUTOPEÇAS,25,25,25,2000,ok,
MLB3972192639,JOTABÊ AUTOPEÇAS,30,50,80,12000,ok,
MLB5282856612,JOTABÊ AUTOPEÇAS,15,15,15,600,ok,
MLB3973520193,JOTABÊ AUTOPEÇAS,15,15,15,600,ok,
MLB5284093586,JOTABÊ AUTOPEÇAS,15,15,15,600,ok,
MLB5284133922,JOTABÊ AUTOPEÇAS,15,15,15,600,ok,
MLB5284098102,JOTABÊ AUTOPEÇAS,25,25,25,2000,ok,
MLB5283954222,JOTABÊ AUTOPEÇAS,15,15,15,600,ok,
MLB3972082901,JOTABÊ AUTOPEÇAS,25,25,25,2000,ok,
MLB3973522013,JOTABÊ AUTOPEÇAS,10,10,10,300,error,Erro ao atualizar item: Validation error (item.attribute.invalid.seller.package.dimensions: The packaging attributes [seller_package_height; seller_package_weight] are too small for the product dimensions)
MLB5284142178,JOTABÊ AUTOPEÇAS,25,25,25,2000,ok,
MLB3972058197,JOTABÊ AUTOPEÇAS,10,10,10,300,ok,
MLB5284919142,JOTABÊ AUTOPEÇAS,25,25,25,2000,ok,
MLB3974890487,JOTABÊ AUTOPEÇAS,10,10,10,300,ok,
MLB5285185564,JOTABÊ AUTOPEÇAS,15,15,15,600,ok,
MLB3973378771,JOTABÊ AUTOPEÇAS,15,15,15,600,ok,
MLB5284954134,JOTABÊ AUTOPEÇAS,15,40,40,2000,ok,
MLB3974900421,JOTABÊ AUTOPEÇAS,15,15,15,600,ok,
MLB5284951206,JOTABÊ AUTOPEÇAS,15,15,15,600,ok,
MLB5285031384,JOTABÊ AUTOPEÇAS,15,15,15,600,ok,
MLB3975823879,JOTABÊ AUTOPEÇAS,15,15,15,600,error,Erro ao atualizar item: Validation error (item.attribute.invalid.seller.package.dimensions: The packaging attributes [seller_package_width; seller_package_height; seller_package_weight] are too small for the product dimensions)
MLB3975783637,JOTABÊ AUTOPEÇAS,10,10,10,300,ok,
MLB3976878737,JOTABÊ AUTOPEÇAS,15,15,15,600,ok,
MLB3975629285,JOTABÊ AUTOPEÇAS,25,25,25,2000,ok,
MLB3975565753,JOTABÊ AUTOPEÇAS,25,25,25,2000,error,Erro ao atualizar item: Validation error (item.attribute.invalid.seller.package.dimensions: The packaging attributes [seller_package_width; seller_package_height] are too small for the product dimensions)
MLB3975666373,JOTABÊ AUTOPEÇAS,15,15,15,600,ok,
MLB5287990768,JOTABÊ AUTOPEÇAS,10,10,10,300,ok,
MLB3975825575,JOTABÊ AUTOPEÇAS,10,10,10,300,ok,
MLB5288042014,JOTABÊ AUTOPEÇAS,10,10,10,300,ok,
MLB3974685335,JOTABÊ AUTOPEÇAS,10,10,10,300,ok,
MLB3974687293,JOTABÊ AUTOPEÇAS,15,40,40,2000,ok,
MLB5286282840,JOTABÊ AUTOPEÇAS,30,50,80,12000,ok,
MLB3974787935,JOTABÊ AUTOPEÇAS,10,10,10,300,ok,
MLB3974787109,JOTABÊ AUTOPEÇAS,10,10,10,300,ok,
MLB3974634723,JOTABÊ AUTOPEÇAS,15,15,15,600,ok,
MLB5286271450,JOTABÊ AUTOPEÇAS,25,25,25,2000,ok,
MLB3974732803,JOTABÊ AUTOPEÇAS,10,10,10,300,ok,
MLB3974400297,JOTABÊ AUTOPEÇAS,10,10,50,800,ok,
MLB3979290789,JOTABÊ AUTOPEÇAS,10,10,50,800,ok,
MLB5290232514,JOTABÊ AUTOPEÇAS,15,40,40,2000,ok,
MLB3979127259,JOTABÊ AUTOPEÇAS,15,15,15,600,error,Erro ao atualizar item: Validation error (item.attribute.invalid.seller.package.dimensions: The packaging attributes [seller_package_length; seller_package_width; seller_package_height; seller_package_weight] are too small for the product dimensions)
MLB3978999895,JOTABÊ AUTOPEÇAS,15,15,15,600,ok,
MLB5290298104,JOTABÊ AUTOPEÇAS,10,10,50,800,ok,
MLB5289914100,JOTABÊ AUTOPEÇAS,30,50,80,12000,ok,
MLB5295932404,JOTABÊ AUTOPEÇAS,15,40,40,2000,ok,
MLB3980056111,JOTABÊ AUTOPEÇAS,10,10,50,800,ok,
MLB5290801604,JOTABÊ AUTOPEÇAS,30,40,50,5000,ok,
MLB5290619002,JOTABÊ AUTOPEÇAS,25,25,25,2000,error,Erro ao atualizar item: Validation error (item.attribute.invalid.seller.package.dimensions: The packaging attributes [seller_package_length; seller_package_width; seller_package_height] are too small for the product dimensions)
MLB3976665777,JOTABÊ AUTOPEÇAS,10,10,50,800,error,Erro ao atualizar item: Validation error (item.attribute.invalid.seller.package.dimensions: The packaging attributes [seller_package_width; seller_package_height] are too small for the product dimensions)
MLB3976582503,JOTABÊ AUTOPEÇAS,10,10,10,300,ok,
MLB3983450279,JOTABÊ AUTOPEÇAS,15,40,40,2000,ok,
MLB5295382670,JOTABÊ AUTOPEÇAS,15,15,15,600,ok,
MLB5295741376,JOTABÊ AUTOPEÇAS,15,40,40,2000,ok,
MLB5295829952,JOTABÊ AUTOPEÇAS,15,40,40,2000,ok,
MLB3983243117,JOTABÊ AUTOPEÇAS,15,40,40,2000,ok,
MLB5300529158,JOTABÊ AUTOPEÇAS,15,40,40,2000,ok,
MLB5300321484,JOTABÊ AUTOPEÇAS,15,40,40,2000,ok,
MLB3986631203,JOTABÊ AUTOPEÇAS,25,25,25,2000,ok,
MLB5299169660,JOTABÊ AUTOPEÇAS,15,15,15,600,ok,
MLB3985719559,JOTABÊ AUTOPEÇAS,15,15,15,600,ok,
MLB5299472804,JOTABÊ AUTOPEÇAS,25,25,25,2000,ok,
MLB5299364192,JOTABÊ AUTOPEÇAS,25,25,25,2000,ok,
MLB5299227520,JOTABÊ AUTOPEÇAS,10,10,50,800,ok,
MLB5297980594,JOTABÊ AUTOPEÇAS,15,40,40,2000,ok,
MLB5298031588,JOTABÊ AUTOPEÇAS,15,40,40,2000,ok,
MLB3985871253,JOTABÊ AUTOPEÇAS,10,10,50,800,ok,
MLB5303274250,JOTABÊ AUTOPEÇAS,10,10,10,300,ok,
MLB3989049595,JOTABÊ AUTOPEÇAS,15,40,40,2000,ok,
MLB5303324806,JOTABÊ AUTOPEÇAS,15,40,40,2000,ok,
MLB5303338224,JOTABÊ AUTOPEÇAS,15,15,15,600,ok,
MLB3988864351,JOTABÊ AUTOPEÇAS,15,40,40,2000,ok,
MLB3989017505,JOTABÊ AUTOPEÇAS,15,40,40,2000,ok,
MLB5303403392,JOTABÊ AUTOPEÇAS,10,10,10,300,ok,
MLB3990098511,JOTABÊ AUTOPEÇAS,15,40,40,2000,ok,
MLB3990087901,JOTABÊ AUTOPEÇAS,10,10,10,300,ok,
MLB3989924957,JOTABÊ AUTOPEÇAS,15,40,40,2000,ok,
MLB3989950907,JOTABÊ AUTOPEÇAS,30,50,80,12000,ok,
MLB3990058625,JOTABÊ AUTOPEÇAS,15,40,40,2000,ok,
MLB3990188315,JOTABÊ AUTOPEÇAS,15,40,40,2000,ok,
MLB3990226769,JOTABÊ AUTOPEÇAS,15,40,40,2000,ok,
MLB3990145353,JOTABÊ AUTOPEÇAS,15,40,40,2000,ok,
MLB5303073942,JOTABÊ AUTOPEÇAS,30,50,80,12000,ok,
MLB5303217734,JOTABÊ AUTOPEÇAS,25,25,25,2000,ok,
MLB3990107431,JOTABÊ AUTOPEÇAS,15,40,40,2000,ok,
MLB5301889624,JOTABÊ AUTOPEÇAS,15,40,40,2000,ok,
MLB3987595461,JOTABÊ AUTOPEÇAS,30,70,100,18000,ok,
MLB5301559698,JOTABÊ AUTOPEÇAS,15,15,15,600,ok,
MLB3987813037,JOTABÊ AUTOPEÇAS,15,40,40,2000,ok,
MLB3987836213,JOTABÊ AUTOPEÇAS,15,40,40,2000,ok,
MLB5301672610,JOTABÊ AUTOPEÇAS,15,40,40,2000,ok,
MLB5301837460,JOTABÊ AUTOPEÇAS,15,40,40,2000,ok,
MLB5306110378,JOTABÊ AUTOPEÇAS,15,40,40,2000,ok,
MLB3992269705,JOTABÊ AUTOPEÇAS,15,40,40,2000,ok,
MLB5305729432,JOTABÊ AUTOPEÇAS,15,40,40,2000,ok,
MLB3992338381,JOTABÊ AUTOPEÇAS,15,40,40,2000,ok,
MLB3992274173,JOTABÊ AUTOPEÇAS,15,40,40,2000,ok,
MLB5305627458,JOTABÊ AUTOPEÇAS,15,40,40,2000,ok,
MLB3992672287,JOTABÊ AUTOPEÇAS,15,40,40,2000,ok,
MLB5308795086,JOTABÊ AUTOPEÇAS,15,40,40,2000,ok,
MLB5308767810,JOTABÊ AUTOPEÇAS,15,40,40,2000,ok,
MLB5308869652,JOTABÊ AUTOPEÇAS,15,40,40,2000,ok,
MLB5308821090,JOTABÊ AUTOPEÇAS,15,40,40,2000,ok,
MLB3993995269,JOTABÊ AUTOPEÇAS,15,40,40,2000,ok,
MLB5308853080,JOTABÊ AUTOPEÇAS,15,40,40,2000,ok,
MLB5308786236,JOTABÊ AUTOPEÇAS,15,40,40,2000,ok,
MLB3993984279,JOTABÊ AUTOPEÇAS,15,40,40,2000,ok,
MLB5308732232,JOTABÊ AUTOPEÇAS,15,40,40,2000,ok,
MLB3995220015,JOTABÊ AUTOPEÇAS,15,40,40,2000,ok,
MLB5308472120,JOTABÊ AUTOPEÇAS,15,40,40,2000,ok,
MLB3995197065,JOTABÊ AUTOPEÇAS,15,40,40,2000,ok,
MLB3995163301,JOTABÊ AUTOPEÇAS,15,40,40,2000,ok,
MLB5308485980,JOTABÊ AUTOPEÇAS,15,40,40,2000,ok,
MLB5308543868,JOTABÊ AUTOPEÇAS,15,40,40,2000,ok,
MLB3994973763,JOTABÊ AUTOPEÇAS,15,40,40,2000,ok,
MLB5309834736,JOTABÊ AUTOPEÇAS,15,40,40,2000,ok,
MLB5312722614,JOTABÊ AUTOPEÇAS,15,40,40,2000,ok,
MLB5312800164,JOTABÊ AUTOPEÇAS,15,40,40,2000,ok,
MLB3995059303,JOTABÊ AUTOPEÇAS,15,40,40,2000,ok,
MLB5312826664,JOTABÊ AUTOPEÇAS,15,40,40,2000,ok,
MLB3994837119,JOTABÊ AUTOPEÇAS,15,40,40,2000,ok,
MLB5312499166,JOTABÊ AUTOPEÇAS,15,40,40,2000,ok,
MLB5312761804,JOTABÊ AUTOPEÇAS,15,40,40,2000,ok,
MLB5312532528,JOTABÊ AUTOPEÇAS,15,40,40,2000,ok,
MLB3998661709,JOTABÊ AUTOPEÇAS,15,40,40,2000,ok,
MLB3998576057,JOTABÊ AUTOPEÇAS,15,40,40,2000,ok,
MLB5312447722,JOTABÊ AUTOPEÇAS,15,40,40,2000,ok,
MLB5312461844,JOTABÊ AUTOPEÇAS,15,40,40,2000,ok,
MLB5312454742,JOTABÊ AUTOPEÇAS,15,40,40,2000,ok,
MLB3999516301,JOTABÊ AUTOPEÇAS,15,40,40,2000,ok,
MLB5314200864,JOTABÊ AUTOPEÇAS,15,40,40,2000,ok,
MLB5314172848,JOTABÊ AUTOPEÇAS,15,40,40,2000,ok,
MLB5314313280,JOTABÊ AUTOPEÇAS,15,40,40,2000,error,Erro ao atualizar item: Repeated user-product. Conflict id: MLBU3064620676 (item.user_product.repeated.conflict: User product was duplicated)
MLB3998331467,JOTABÊ AUTOPEÇAS,15,40,40,2000,ok,
MLB3998318601,JOTABÊ AUTOPEÇAS,15,40,40,2000,ok,
MLB3998425523,JOTABÊ AUTOPEÇAS,15,40,40,2000,ok,
MLB3998461735,JOTABÊ AUTOPEÇAS,15,40,40,2000,ok,
MLB5314112390,JOTABÊ AUTOPEÇAS,15,40,40,2000,ok,
MLB3999562645,JOTABÊ AUTOPEÇAS,15,40,40,2000,ok,
MLB5314187104,JOTABÊ AUTOPEÇAS,15,40,40,2000,ok,
MLB5315252916,JOTABÊ AUTOPEÇAS,15,40,40,2000,ok,
MLB3999441915,JOTABÊ AUTOPEÇAS,15,40,40,2000,ok,
MLB5315360528,JOTABÊ AUTOPEÇAS,15,40,40,2000,ok,
MLB3999433313,JOTABÊ AUTOPEÇAS,15,40,40,2000,ok,
MLB5314985250,JOTABÊ AUTOPEÇAS,15,40,40,2000,ok,
MLB5315205308,JOTABÊ AUTOPEÇAS,15,40,40,2000,ok,
MLB3999456773,JOTABÊ AUTOPEÇAS,15,40,40,2000,ok,
MLB3999449215,JOTABÊ AUTOPEÇAS,15,40,40,2000,ok,
MLB4000660925,JOTABÊ AUTOPEÇAS,15,40,40,2000,ok,
MLB3999454137,JOTABÊ AUTOPEÇAS,15,40,40,2000,ok,
MLB3999433751,JOTABÊ AUTOPEÇAS,15,40,40,2000,ok,
MLB4000606949,JOTABÊ AUTOPEÇAS,15,40,40,2000,ok,
MLB3999435821,JOTABÊ AUTOPEÇAS,15,40,40,2000,ok,
MLB4005059425,JOTABÊ AUTOPEÇAS,15,40,40,2000,error,Erro ao atualizar item: Repeated user-product. Conflict id: MLBU3069546915 (item.user_product.repeated.conflict: User product was duplicated)
MLB4005335755,JOTABÊ AUTOPEÇAS,15,40,40,2000,ok,
MLB5320226396,JOTABÊ AUTOPEÇAS,15,40,40,2000,ok,
MLB5320078794,JOTABÊ AUTOPEÇAS,15,40,40,2000,ok,
MLB4004969727,JOTABÊ AUTOPEÇAS,15,40,40,2000,ok,
MLB5320435604,JOTABÊ AUTOPEÇAS,15,40,40,2000,ok,
MLB4004981293,JOTABÊ AUTOPEÇAS,15,40,40,2000,ok,
MLB5318205522,JOTABÊ AUTOPEÇAS,15,40,40,2000,ok,
MLB4001526483,JOTABÊ AUTOPEÇAS,15,40,40,2000,ok,
MLB5318120752,JOTABÊ AUTOPEÇAS,15,40,40,2000,ok,
MLB4000541183,JOTABÊ AUTOPEÇAS,15,40,40,2000,ok,
MLB5316374708,JOTABÊ AUTOPEÇAS,15,40,40,2000,ok,
MLB4000423983,JOTABÊ AUTOPEÇAS,15,40,40,2000,ok,
MLB4001939289,JOTABÊ AUTOPEÇAS,15,40,40,2000,ok,
MLB4001626675,JOTABÊ AUTOPEÇAS,15,40,40,2000,ok,
MLB5316143978,JOTABÊ AUTOPEÇAS,15,40,40,2000,ok,
MLB5316262110,JOTABÊ AUTOPEÇAS,15,40,40,2000,ok,
MLB4006312247,JOTABÊ AUTOPEÇAS,25,25,25,2000,ok,
MLB4006471457,JOTABÊ AUTOPEÇAS,15,15,15,600,ok,
MLB4006350855,JOTABÊ AUTOPEÇAS,15,40,40,2000,ok,
MLB4006376113,JOTABÊ AUTOPEÇAS,15,40,40,2000,ok,
MLB4006451621,JOTABÊ AUTOPEÇAS,15,40,40,2000,ok,
MLB4006429177,JOTABÊ AUTOPEÇAS,15,40,40,2000,ok,
MLB5322671906,JOTABÊ AUTOPEÇAS,15,40,40,2000,ok,
MLB5322769984,JOTABÊ AUTOPEÇAS,15,40,40,2000,ok,
MLB4006147067,JOTABÊ AUTOPEÇAS,15,15,15,600,ok,
MLB4006279781,JOTABÊ AUTOPEÇAS,25,25,25,2000,ok,
MLB4006068993,JOTABÊ AUTOPEÇAS,15,40,40,2000,ok,
MLB5322918298,JOTABÊ AUTOPEÇAS,15,40,40,2000,ok,
MLB4006062515,JOTABÊ AUTOPEÇAS,25,25,25,2000,ok,
MLB4006125039,JOTABÊ AUTOPEÇAS,25,25,25,2000,error,Erro ao atualizar item: Validation error (item.attribute.invalid.seller.package.dimensions: The packaging attributes [seller_package_weight] are too small for the product dimensions)
MLB4006259323,JOTABÊ AUTOPEÇAS,25,25,25,2000,ok,
MLB4006003121,JOTABÊ AUTOPEÇAS,15,15,15,600,ok,
MLB5322549918,JOTABÊ AUTOPEÇAS,15,40,40,2000,ok,
MLB4007107055,JOTABÊ AUTOPEÇAS,15,40,40,2000,ok,
MLB5322508798,JOTABÊ AUTOPEÇAS,15,40,40,2000,ok,
MLB5322403230,JOTABÊ AUTOPEÇAS,15,40,40,2000,ok,
MLB5322614874,JOTABÊ AUTOPEÇAS,15,40,40,2000,ok,
MLB5323820234,JOTABÊ AUTOPEÇAS,15,40,40,2000,ok,
MLB4007207561,JOTABÊ AUTOPEÇAS,25,25,25,2000,ok,
MLB4007030521,JOTABÊ AUTOPEÇAS,25,25,25,2000,ok,
MLB5322484542,JOTABÊ AUTOPEÇAS,15,40,40,2000,ok,
MLB5327210474,JOTABÊ AUTOPEÇAS,15,40,40,2000,ok,
MLB4009813749,JOTABÊ AUTOPEÇAS,15,40,40,2000,ok,
MLB4009546407,JOTABÊ AUTOPEÇAS,15,40,40,2000,ok,
MLB4009735785,JOTABÊ AUTOPEÇAS,15,40,40,2000,ok,
MLB4009657329,JOTABÊ AUTOPEÇAS,15,40,40,2000,ok,
MLB4009450105,JOTABÊ AUTOPEÇAS,15,40,40,2000,ok,
MLB4008429363,JOTABÊ AUTOPEÇAS,10,10,10,300,ok,
MLB5327224580,JOTABÊ AUTOPEÇAS,15,40,40,2000,ok,
MLB4008355095,JOTABÊ AUTOPEÇAS,30,40,50,5000,ok,
MLB5328439362,JOTABÊ AUTOPEÇAS,15,40,40,2000,ok,
MLB4011785239,JOTABÊ AUTOPEÇAS,15,40,40,2000,ok,
MLB5328751746,JOTABÊ AUTOPEÇAS,10,10,82,800,ok,
MLB4011555269,JOTABÊ AUTOPEÇAS,15,40,40,2000,ok,
MLB4012547243,JOTABÊ AUTOPEÇAS,15,40,40,2000,ok,
MLB4012559201,JOTABÊ AUTOPEÇAS,15,40,40,2000,ok,
MLB5329810090,JOTABÊ AUTOPEÇAS,15,40,40,2000,ok,
MLB5332908024,JOTABÊ AUTOPEÇAS,25,25,25,2000,ok,
MLB4013839947,JOTABÊ AUTOPEÇAS,15,40,40,2000,ok,
MLB5332966964,JOTABÊ AUTOPEÇAS,10,10,10,300,ok,
MLB5329826656,JOTABÊ AUTOPEÇAS,30,40,50,5000,ok,
MLB4013974771,JOTABÊ AUTOPEÇAS,10,10,10,300,ok,
MLB5333158890,JOTABÊ AUTOPEÇAS,15,40,40,2000,ok,
MLB4012515827,JOTABÊ AUTOPEÇAS,15,15,15,600,ok,
MLB5332751162,JOTABÊ AUTOPEÇAS,10,10,50,800,ok,
MLB4016145829,JOTABÊ AUTOPEÇAS,10,10,50,800,ok,
MLB5332866220,JOTABÊ AUTOPEÇAS,15,15,15,600,ok,
MLB5332788862,JOTABÊ AUTOPEÇAS,15,15,15,600,ok,
MLB4015985983,JOTABÊ AUTOPEÇAS,15,15,15,600,ok,
MLB5332845184,JOTABÊ AUTOPEÇAS,15,15,15,600,ok,
MLB4016124793,JOTABÊ AUTOPEÇAS,15,15,15,600,ok,
MLB4252295071,JOTABÊ AUTOPEÇAS,10,10,10,300,ok,